timestamp,source_ip,destination_ip,byte_count,duration,source_port,dest_port,alert_type
2024-10-30 14:46:44.534569,10.0.0.2,192.168.1.4,4776,28,10026,33776,Malware
2024-10-30 13:46:44.534582,10.0.0.2,10.0.0.4,4516,10,39285,19553,Port Scan
2024-10-30 12:46:44.534586,10.0.0.2,192.168.1.3,2115,285,64612,23943,Brute Force
2024-10-30 11:46:44.534589,192.168.1.2,10.0.0.4,4445,206,17040,33453,Brute Force
2024-10-30 10:46:44.534592,10.0.0.1,192.168.1.4,5882,295,26395,45486,Brute Force
2024-10-30 09:46:44.534594,10.0.0.2,192.168.1.4,5602,3,54913,46949,Port Scan
2024-10-30 08:46:44.534598,192.168.1.2,10.0.0.3,9568,265,16466,40679,Malware
2024-10-30 07:46:44.534600,10.0.0.1,192.168.1.4,5468,237,19349,62568,Brute Force
2024-10-30 06:46:44.534602,192.168.1.1,10.0.0.4,6121,129,60071,53685,DDoS
2024-10-30 05:46:44.534605,10.0.0.2,192.168.1.3,1855,46,31850,57318,DDoS
2024-10-30 04:46:44.534608,192.168.1.1,10.0.0.3,8741,220,40371,2925,Port Scan
2024-10-30 03:46:44.534621,192.168.1.2,10.0.0.4,7945,197,64216,47481,DDoS
2024-10-30 02:46:44.534624,192.168.1.2,192.168.1.4,7526,225,10543,10292,DDoS
2024-10-30 01:46:44.534626,10.0.0.1,10.0.0.3,8286,172,57910,43107,DDoS
2024-10-30 00:46:44.534629,192.168.1.2,192.168.1.4,2018,44,7296,55910,Port Scan
2024-10-29 23:46:44.534631,192.168.1.2,10.0.0.4,3987,106,26726,9496,Port Scan
2024-10-29 22:46:44.534634,192.168.1.1,10.0.0.3,3753,222,13998,42058,DDoS
2024-10-29 21:46:44.534637,10.0.0.2,192.168.1.3,9202,59,54680,38474,Port Scan
2024-10-29 20:46:44.534639,192.168.1.2,10.0.0.4,6400,120,28716,47238,Port Scan
2024-10-29 19:46:44.534642,10.0.0.2,192.168.1.4,7192,12,58611,55631,DDoS
2024-10-29 18:46:44.534644,10.0.0.2,10.0.0.4,722,33,62528,13186,Port Scan
2024-10-29 17:46:44.534647,192.168.1.1,192.168.1.4,6611,29,63569,15911,Malware
2024-10-29 16:46:44.534650,10.0.0.1,192.168.1.4,1118,139,30476,41650,Port Scan
2024-10-29 15:46:44.534653,10.0.0.1,10.0.0.4,7867,140,23211,37426,Brute Force
2024-10-29 14:46:44.534656,192.168.1.2,10.0.0.4,911,54,46520,26693,DDoS
2024-10-29 13:46:44.534659,192.168.1.2,10.0.0.3,495,163,22905,34550,DDoS
2024-10-29 12:46:44.534661,10.0.0.1,10.0.0.4,915,269,26458,21897,Brute Force
2024-10-29 11:46:44.534664,192.168.1.2,10.0.0.3,6256,288,25439,63384,Port Scan
2024-10-29 10:46:44.534666,10.0.0.2,10.0.0.4,9320,261,25423,56001,Malware
2024-10-29 09:46:44.534669,192.168.1.1,10.0.0.4,2709,39,42624,61896,DDoS
2024-10-29 08:46:44.534672,192.168.1.2,192.168.1.4,4502,282,58372,37685,Port Scan
2024-10-29 07:46:44.534674,192.168.1.2,10.0.0.4,7833,107,34479,9473,Brute Force
2024-10-29 06:46:44.534677,10.0.0.2,10.0.0.3,7631,193,26231,44922,Port Scan
2024-10-29 05:46:44.534680,10.0.0.2,10.0.0.4,3012,143,25887,6761,Port Scan
2024-10-29 04:46:44.534683,192.168.1.2,192.168.1.3,7860,24,54149,41057,DDoS
2024-10-29 03:46:44.534685,192.168.1.1,10.0.0.4,6972,122,52100,32730,Brute Force
2024-10-29 02:46:44.534688,192.168.1.2,192.168.1.3,347,148,38757,33324,Malware
2024-10-29 01:46:44.534690,10.0.0.1,10.0.0.3,9771,178,32518,44390,DDoS
2024-10-29 00:46:44.534693,10.0.0.1,10.0.0.4,8114,116,60478,15955,Malware
2024-10-28 23:46:44.534695,192.168.1.1,192.168.1.3,9823,117,23792,4107,Port Scan
2024-10-28 22:46:44.534698,10.0.0.2,10.0.0.3,5797,55,8468,3869,DDoS
2024-10-28 21:46:44.534700,10.0.0.1,192.168.1.3,4922,145,8744,4744,Malware
2024-10-28 20:46:44.534703,10.0.0.2,10.0.0.3,6332,139,56810,18631,Malware
2024-10-28 19:46:44.534705,192.168.1.1,10.0.0.4,3513,156,27901,42337,Port Scan
2024-10-28 18:46:44.534707,192.168.1.2,192.168.1.4,1586,167,17499,19612,Malware
2024-10-28 17:46:44.534710,192.168.1.1,192.168.1.4,6181,45,27413,51373,Malware
2024-10-28 16:46:44.534713,192.168.1.2,192.168.1.3,1763,112,23962,36494,Port Scan
2024-10-28 15:46:44.534715,192.168.1.2,192.168.1.3,3520,10,43976,36186,Malware
2024-10-28 14:46:44.534718,10.0.0.2,10.0.0.4,8053,112,58870,1462,Port Scan
2024-10-28 13:46:44.534721,10.0.0.1,10.0.0.3,9570,122,25980,18758,Brute Force
2024-10-28 12:46:44.534723,10.0.0.1,10.0.0.3,8444,92,8692,14141,Brute Force
2024-10-28 11:46:44.534726,10.0.0.1,10.0.0.4,5845,275,3136,4816,DDoS
2024-10-28 10:46:44.534728,192.168.1.2,10.0.0.3,3040,92,53176,35010,Malware
2024-10-28 09:46:44.534731,192.168.1.2,192.168.1.4,3621,199,47875,32490,Port Scan
2024-10-28 08:46:44.534742,10.0.0.2,10.0.0.3,6319,269,32687,8777,DDoS
2024-10-28 07:46:44.534744,192.168.1.1,192.168.1.3,9972,205,35340,38182,Port Scan
2024-10-28 06:46:44.534747,192.168.1.1,192.168.1.3,4337,220,46488,31459,Brute Force
2024-10-28 05:46:44.534749,10.0.0.1,192.168.1.4,1918,161,14027,37961,Malware
2024-10-28 04:46:44.534751,10.0.0.2,192.168.1.4,9396,52,23599,38751,Brute Force
2024-10-28 03:46:44.534754,10.0.0.2,10.0.0.4,9495,92,10367,10418,DDoS
2024-10-28 02:46:44.534756,192.168.1.2,10.0.0.4,9380,11,10318,4082,DDoS
2024-10-28 01:46:44.534758,192.168.1.2,192.168.1.3,5448,10,25590,9387,Brute Force
2024-10-28 00:46:44.534761,192.168.1.1,10.0.0.3,6168,95,7088,29215,Port Scan
2024-10-27 23:46:44.534763,10.0.0.1,192.168.1.3,8503,198,12613,35559,Brute Force
2024-10-27 22:46:44.534765,10.0.0.1,192.168.1.3,8754,173,24964,48298,Port Scan
2024-10-27 21:46:44.534768,192.168.1.1,192.168.1.3,7239,209,2936,37949,DDoS
2024-10-27 20:46:44.534771,192.168.1.1,192.168.1.4,4385,26,39493,27510,Malware
2024-10-27 19:46:44.534773,10.0.0.2,192.168.1.4,4178,153,60292,62899,Malware
2024-10-27 18:46:44.534775,192.168.1.2,10.0.0.3,7560,99,15752,41358,Malware
2024-10-27 17:46:44.534778,192.168.1.2,10.0.0.3,8544,10,14225,33219,Port Scan
2024-10-27 16:46:44.534780,10.0.0.2,192.168.1.4,8423,137,60947,1050,Port Scan
2024-10-27 15:46:44.534782,10.0.0.2,10.0.0.3,7656,120,31688,55924,Malware
2024-10-27 14:46:44.534785,192.168.1.1,10.0.0.4,2348,157,29321,33045,Port Scan
2024-10-27 13:46:44.534787,192.168.1.1,192.168.1.4,8024,252,63090,21388,Malware
2024-10-27 12:46:44.534790,10.0.0.2,192.168.1.4,3671,98,56010,48211,DDoS
2024-10-27 11:46:44.534792,10.0.0.1,10.0.0.3,3987,246,4931,11710,Brute Force
2024-10-27 10:46:44.534794,192.168.1.1,10.0.0.4,2143,160,30946,61192,Brute Force
2024-10-27 09:46:44.534797,192.168.1.1,10.0.0.3,8525,234,51430,53441,DDoS
2024-10-27 08:46:44.534800,192.168.1.1,192.168.1.3,4178,64,13576,32365,Brute Force
2024-10-27 07:46:44.534802,10.0.0.2,192.168.1.3,5428,31,29260,43458,Port Scan
2024-10-27 06:46:44.534805,10.0.0.1,10.0.0.3,4056,37,50453,41528,DDoS
2024-10-27 05:46:44.534807,10.0.0.1,192.168.1.4,8605,247,64653,7438,Port Scan
2024-10-27 04:46:44.534810,192.168.1.1,10.0.0.4,2655,266,39529,56420,Brute Force
2024-10-27 03:46:44.534813,10.0.0.1,10.0.0.4,3757,94,5343,43280,Brute Force
2024-10-27 02:46:44.534816,192.168.1.1,192.168.1.4,1773,100,50615,36604,DDoS
2024-10-27 01:46:44.534818,192.168.1.1,10.0.0.4,2293,87,27869,13873,DDoS
2024-10-27 00:46:44.534821,192.168.1.1,192.168.1.4,7600,35,8470,43994,Brute Force
2024-10-26 23:46:44.534824,192.168.1.2,192.168.1.4,7948,193,59029,5079,Brute Force
2024-10-26 22:46:44.534827,192.168.1.1,192.168.1.4,9571,30,41813,56124,Brute Force
2024-10-26 21:46:44.534829,10.0.0.2,192.168.1.3,9546,45,53470,1666,Malware
2024-10-26 20:46:44.534832,10.0.0.2,10.0.0.4,1725,235,1617,54928,Port Scan
2024-10-26 19:46:44.534835,192.168.1.1,192.168.1.3,5816,253,35679,16289,Port Scan
2024-10-26 18:46:44.534837,192.168.1.1,10.0.0.4,4638,251,59755,6827,Brute Force
2024-10-26 17:46:44.534841,192.168.1.1,192.168.1.4,9817,279,49003,21567,Malware
2024-10-26 16:46:44.534844,192.168.1.1,192.168.1.3,2669,199,46166,5827,Brute Force
2024-10-26 15:46:44.534846,10.0.0.2,192.168.1.4,8039,254,8602,30088,DDoS
2024-10-26 14:46:44.534849,192.168.1.2,192.168.1.3,534,267,27183,54246,DDoS
2024-10-26 13:46:44.534852,192.168.1.2,10.0.0.3,6663,189,6760,41294,Malware
2024-10-26 12:46:44.534855,192.168.1.1,10.0.0.3,1640,283,28366,2309,DDoS
2024-10-26 11:46:44.534857,192.168.1.2,10.0.0.4,6255,134,3735,59601,Port Scan
2024-10-26 10:46:44.534860,192.168.1.1,192.168.1.4,227,95,28648,6496,Malware
2024-10-26 09:46:44.534863,10.0.0.1,10.0.0.4,7981,64,51513,59591,Port Scan
2024-10-26 08:46:44.534866,192.168.1.1,10.0.0.3,2742,30,17007,29330,Malware
2024-10-26 07:46:44.534868,192.168.1.1,192.168.1.4,4444,205,64060,38631,DDoS
2024-10-26 06:46:44.534871,10.0.0.1,10.0.0.4,1832,116,13386,13743,Brute Force
2024-10-26 05:46:44.534874,192.168.1.1,10.0.0.3,9649,275,22533,5337,Malware
2024-10-26 04:46:44.534876,192.168.1.1,10.0.0.4,8156,65,61911,2929,Malware
2024-10-26 03:46:44.534879,192.168.1.2,192.168.1.4,2150,260,5142,24855,Brute Force
2024-10-26 02:46:44.534882,192.168.1.1,192.168.1.4,1599,47,7522,1266,Malware
2024-10-26 01:46:44.534885,10.0.0.1,192.168.1.3,3929,164,32161,3024,Port Scan
2024-10-26 00:46:44.534888,10.0.0.1,10.0.0.4,341,231,5875,59513,Port Scan
2024-10-25 23:46:44.534891,192.168.1.1,10.0.0.4,2733,28,6097,13108,Port Scan
2024-10-25 22:46:44.534894,10.0.0.2,10.0.0.3,6750,270,38424,6006,Brute Force
2024-10-25 21:46:44.534896,192.168.1.2,10.0.0.4,9017,292,9244,40338,DDoS
2024-10-25 20:46:44.534899,10.0.0.1,10.0.0.3,5789,138,55918,51507,Brute Force
2024-10-25 19:46:44.534902,192.168.1.1,10.0.0.3,1187,285,22466,34061,DDoS
2024-10-25 18:46:44.534905,192.168.1.1,10.0.0.4,8864,291,61434,58623,DDoS
2024-10-25 17:46:44.534908,192.168.1.2,10.0.0.3,6268,109,56486,34064,Port Scan
2024-10-25 16:46:44.534910,10.0.0.2,192.168.1.4,9014,267,41799,39545,Malware
2024-10-25 15:46:44.534913,10.0.0.2,10.0.0.3,8847,158,40422,27955,Brute Force
2024-10-25 14:46:44.534916,10.0.0.2,10.0.0.4,9801,199,2153,53704,Malware
2024-10-25 13:46:44.534919,192.168.1.2,192.168.1.4,4163,135,47123,16644,DDoS
2024-10-25 12:46:44.534922,192.168.1.1,192.168.1.4,4569,20,35606,17108,Malware
2024-10-25 11:46:44.534925,10.0.0.2,192.168.1.3,1148,119,39160,15154,Malware
2024-10-25 10:46:44.534928,10.0.0.1,192.168.1.3,7834,95,44713,11879,Port Scan
2024-10-25 09:46:44.534930,192.168.1.1,10.0.0.3,9588,248,6431,23560,DDoS
2024-10-25 08:46:44.534933,192.168.1.2,192.168.1.3,2751,214,10088,3162,Malware
2024-10-25 07:46:44.534936,10.0.0.1,192.168.1.4,4882,134,16430,47853,Brute Force
2024-10-25 06:46:44.534939,10.0.0.2,10.0.0.4,830,72,58313,63505,DDoS
2024-10-25 05:46:44.534943,10.0.0.2,10.0.0.4,2817,11,23867,62374,Brute Force
2024-10-25 04:46:44.534946,192.168.1.1,10.0.0.4,2078,128,18807,7436,DDoS
2024-10-25 03:46:44.534949,10.0.0.2,10.0.0.3,7575,236,35128,20325,Brute Force
2024-10-25 02:46:44.534951,192.168.1.1,192.168.1.4,7265,28,23705,21250,Malware
2024-10-25 01:46:44.534954,10.0.0.2,192.168.1.3,1019,226,25619,18630,Port Scan
2024-10-25 00:46:44.534957,192.168.1.2,10.0.0.4,8506,230,18807,41981,Brute Force
2024-10-24 23:46:44.534959,10.0.0.2,10.0.0.3,2359,84,20839,36981,Malware
2024-10-24 22:46:44.534962,10.0.0.1,192.168.1.4,1409,84,32524,15181,Port Scan
2024-10-24 21:46:44.534965,10.0.0.2,10.0.0.4,5414,170,34518,40549,DDoS
2024-10-24 20:46:44.534967,192.168.1.1,10.0.0.4,8395,188,32080,65122,Port Scan
2024-10-24 19:46:44.534974,10.0.0.2,192.168.1.3,7817,46,47470,43068,DDoS
2024-10-24 18:46:44.534977,10.0.0.1,192.168.1.4,3782,202,35081,6025,Brute Force
2024-10-24 17:46:44.534980,192.168.1.2,10.0.0.3,6182,236,40876,65345,Malware
2024-10-24 16:46:44.534982,192.168.1.1,192.168.1.4,1200,32,31136,46065,Port Scan
2024-10-24 15:46:44.534985,10.0.0.1,10.0.0.4,4248,158,48041,9050,Port Scan
2024-10-24 14:46:44.534988,10.0.0.1,10.0.0.4,3774,280,14755,26975,Malware
2024-10-24 13:46:44.534991,192.168.1.1,192.168.1.4,6490,275,63176,16470,DDoS
2024-10-24 12:46:44.534993,192.168.1.1,192.168.1.4,2319,103,39811,51598,Port Scan
2024-10-24 11:46:44.534996,10.0.0.1,10.0.0.3,8474,227,45414,28673,Port Scan
2024-10-24 10:46:44.534999,192.168.1.1,192.168.1.3,6265,157,57882,29459,Port Scan
2024-10-24 09:46:44.535002,192.168.1.2,192.168.1.4,6441,238,39930,53131,Port Scan
2024-10-24 08:46:44.535005,192.168.1.1,10.0.0.3,5375,46,6343,6072,Malware
2024-10-24 07:46:44.535008,192.168.1.1,192.168.1.3,5878,188,5185,55598,Brute Force
2024-10-24 06:46:44.535011,10.0.0.2,10.0.0.4,5516,212,4381,28701,DDoS
2024-10-24 05:46:44.535013,10.0.0.1,10.0.0.3,1894,65,19805,64929,Malware
2024-10-24 04:46:44.535016,10.0.0.1,10.0.0.4,2723,170,62254,18505,DDoS
2024-10-24 03:46:44.535019,192.168.1.2,10.0.0.3,7161,96,16132,31049,Brute Force
2024-10-24 02:46:44.535022,192.168.1.2,192.168.1.3,4747,24,11587,35244,Port Scan
2024-10-24 01:46:44.535024,10.0.0.1,192.168.1.4,4307,170,40710,44512,Port Scan
2024-10-24 00:46:44.535027,192.168.1.1,10.0.0.4,1379,60,61358,33675,Malware
2024-10-23 23:46:44.535030,10.0.0.1,192.168.1.4,6348,196,48696,22537,DDoS
2024-10-23 22:46:44.535033,10.0.0.1,10.0.0.3,1370,259,25485,26509,DDoS
2024-10-23 21:46:44.535036,192.168.1.1,10.0.0.3,452,37,34137,1395,Malware
2024-10-23 20:46:44.535039,10.0.0.2,192.168.1.4,7836,76,32767,37337,Malware
2024-10-23 19:46:44.535041,192.168.1.2,10.0.0.4,4090,15,7772,34211,DDoS
2024-10-23 18:46:44.535044,10.0.0.1,192.168.1.4,1716,186,42053,23037,Port Scan
2024-10-23 17:46:44.535047,192.168.1.2,192.168.1.3,4773,290,1195,56036,Malware
2024-10-23 16:46:44.535050,10.0.0.1,10.0.0.3,9322,77,47122,5715,DDoS
2024-10-23 15:46:44.535052,192.168.1.1,10.0.0.4,6441,214,34795,21621,DDoS
2024-10-23 14:46:44.535055,10.0.0.1,192.168.1.3,3678,245,43142,33075,Brute Force
2024-10-23 13:46:44.535058,10.0.0.2,10.0.0.4,1547,211,60739,29170,Malware
2024-10-23 12:46:44.535061,192.168.1.1,192.168.1.4,484,276,29831,49227,Brute Force
2024-10-23 11:46:44.535064,10.0.0.2,192.168.1.4,6002,129,20870,63777,Malware
2024-10-23 10:46:44.535066,192.168.1.1,192.168.1.4,6048,219,26129,24405,DDoS
2024-10-23 09:46:44.535069,192.168.1.2,10.0.0.3,1074,47,51408,54466,Port Scan
2024-10-23 08:46:44.535072,192.168.1.1,192.168.1.3,1870,127,20893,20867,Port Scan
2024-10-23 07:46:44.535074,10.0.0.2,192.168.1.3,8465,178,6362,37644,Port Scan
2024-10-23 06:46:44.535076,192.168.1.2,192.168.1.4,4717,246,62076,48407,DDoS
2024-10-23 05:46:44.535079,10.0.0.2,10.0.0.4,6644,272,47756,54372,Port Scan
2024-10-23 04:46:44.535081,10.0.0.2,10.0.0.4,3450,293,55817,64541,DDoS
2024-10-23 03:46:44.535083,10.0.0.1,192.168.1.3,5202,92,28916,20556,Brute Force
2024-10-23 02:46:44.535087,10.0.0.2,192.168.1.4,2672,123,11788,54065,Brute Force
2024-10-23 01:46:44.535089,192.168.1.1,192.168.1.4,5386,244,6688,56124,DDoS
2024-10-23 00:46:44.535092,192.168.1.1,10.0.0.3,2110,276,25633,48629,Brute Force
2024-10-22 23:46:44.535094,192.168.1.1,10.0.0.3,911,245,45406,44241,Brute Force
2024-10-22 22:46:44.535096,192.168.1.2,10.0.0.3,3766,34,43489,23558,Brute Force
2024-10-22 21:46:44.535099,10.0.0.1,10.0.0.4,6834,274,34987,54768,Brute Force
2024-10-22 20:46:44.535101,10.0.0.2,192.168.1.4,7199,279,26382,6769,Malware
2024-10-22 19:46:44.535103,192.168.1.2,192.168.1.4,111,139,13817,12329,DDoS
2024-10-22 18:46:44.535106,192.168.1.1,192.168.1.4,6113,276,36888,64692,DDoS
2024-10-22 17:46:44.535108,192.168.1.2,10.0.0.4,2551,157,63325,40416,Port Scan
2024-10-22 16:46:44.535110,192.168.1.2,10.0.0.3,6912,102,56223,53045,Malware
2024-10-22 15:46:44.535131,10.0.0.2,192.168.1.3,1586,55,31626,34517,Malware
2024-10-22 14:46:44.535133,10.0.0.2,192.168.1.3,9713,183,58474,15031,Brute Force
2024-10-22 13:46:44.535135,192.168.1.2,10.0.0.3,1879,275,31508,55154,Malware
2024-10-22 12:46:44.535138,192.168.1.1,192.168.1.4,8981,128,38434,36661,Malware
2024-10-22 11:46:44.535140,192.168.1.2,192.168.1.3,2668,10,27403,31227,DDoS
2024-10-22 10:46:44.535143,192.168.1.1,10.0.0.3,6152,26,12061,5145,Port Scan
2024-10-22 09:46:44.535146,192.168.1.1,192.168.1.3,5693,98,50992,64913,Malware
2024-10-22 08:46:44.535149,10.0.0.1,192.168.1.4,9568,281,50696,5806,Malware
2024-10-22 07:46:44.535151,192.168.1.1,10.0.0.3,4139,213,6184,56761,Port Scan
2024-10-22 06:46:44.535154,192.168.1.1,192.168.1.3,3767,255,3653,45072,Malware
2024-10-22 05:46:44.535157,192.168.1.1,10.0.0.4,9087,226,43130,52926,DDoS
2024-10-22 04:46:44.535159,192.168.1.1,10.0.0.4,3797,124,48899,20145,Port Scan
2024-10-22 03:46:44.535162,10.0.0.1,192.168.1.3,3822,213,25528,21411,Brute Force
2024-10-22 02:46:44.535165,10.0.0.2,192.168.1.3,962,268,13187,29886,Malware
2024-10-22 01:46:44.535168,10.0.0.1,192.168.1.4,8588,69,60667,59103,Port Scan
2024-10-22 00:46:44.535171,10.0.0.1,192.168.1.4,9204,177,6639,25019,Brute Force
2024-10-21 23:46:44.535174,192.168.1.2,192.168.1.3,7566,120,52412,5829,Malware
2024-10-21 22:46:44.535176,192.168.1.2,10.0.0.4,5071,187,25164,40498,Brute Force
2024-10-21 21:46:44.535179,10.0.0.1,192.168.1.3,3644,160,37995,6820,Port Scan
2024-10-21 20:46:44.535182,10.0.0.1,192.168.1.3,4013,139,50779,55464,DDoS
2024-10-21 19:46:44.535185,192.168.1.1,10.0.0.4,2535,47,42117,63682,Malware
2024-10-21 18:46:44.535187,10.0.0.2,10.0.0.4,8974,122,30994,12846,Malware
2024-10-21 17:46:44.535190,192.168.1.2,10.0.0.3,9748,293,41189,10946,Port Scan
2024-10-21 16:46:44.535193,10.0.0.1,192.168.1.3,3859,87,41536,13493,DDoS
2024-10-21 15:46:44.535196,10.0.0.2,10.0.0.3,8095,213,58434,15232,DDoS
2024-10-21 14:46:44.535199,192.168.1.1,192.168.1.3,7372,74,31497,39583,Malware
2024-10-21 13:46:44.535202,10.0.0.2,10.0.0.4,9316,158,21099,34491,Brute Force
2024-10-21 12:46:44.535205,192.168.1.2,192.168.1.4,7709,179,59213,34354,DDoS
2024-10-21 11:46:44.535207,192.168.1.1,10.0.0.4,7502,286,49319,2418,Port Scan
2024-10-21 10:46:44.535210,192.168.1.2,192.168.1.3,8326,89,10076,22195,DDoS
2024-10-21 09:46:44.535213,192.168.1.1,10.0.0.3,4033,142,60379,10615,Brute Force
2024-10-21 08:46:44.535216,10.0.0.1,10.0.0.4,4776,39,43402,8013,Malware
2024-10-21 07:46:44.535218,10.0.0.1,10.0.0.3,4920,263,47048,57548,Brute Force
2024-10-21 06:46:44.535221,10.0.0.1,192.168.1.4,8803,208,27853,33741,DDoS
2024-10-21 05:46:44.535228,192.168.1.1,192.168.1.4,4131,185,43840,20568,Port Scan
2024-10-21 04:46:44.535231,192.168.1.1,10.0.0.4,4421,223,25646,16838,Port Scan
2024-10-21 03:46:44.535234,192.168.1.2,192.168.1.3,3709,57,17348,52523,Malware
2024-10-21 02:46:44.535236,10.0.0.2,192.168.1.4,8466,86,41281,31006,DDoS
2024-10-21 01:46:44.535238,10.0.0.1,192.168.1.3,8128,14,36254,64680,Malware
2024-10-21 00:46:44.535241,10.0.0.1,10.0.0.4,412,240,40049,15370,Port Scan
2024-10-20 23:46:44.535244,10.0.0.1,10.0.0.3,1526,274,31248,31474,DDoS
2024-10-20 22:46:44.535247,192.168.1.2,192.168.1.4,7088,112,2523,52307,Port Scan
2024-10-20 21:46:44.535249,192.168.1.1,10.0.0.3,1155,236,19226,49107,DDoS
2024-10-20 20:46:44.535252,10.0.0.1,192.168.1.4,1111,141,25380,17520,Malware
2024-10-20 19:46:44.535255,192.168.1.1,10.0.0.3,4223,221,57368,31721,Port Scan
2024-10-20 18:46:44.535257,10.0.0.2,192.168.1.4,1354,82,17685,39776,Brute Force
2024-10-20 17:46:44.535260,192.168.1.1,192.168.1.4,2998,178,58785,15886,Brute Force
2024-10-20 16:46:44.535262,10.0.0.1,10.0.0.3,4682,249,21493,6378,Brute Force
2024-10-20 15:46:44.535265,10.0.0.2,10.0.0.3,8682,195,40498,26026,DDoS
2024-10-20 14:46:44.535268,192.168.1.2,192.168.1.3,575,178,12149,34458,Port Scan
2024-10-20 13:46:44.535271,10.0.0.2,10.0.0.3,8383,77,3521,16986,Malware
2024-10-20 12:46:44.535274,10.0.0.2,10.0.0.3,7847,205,63969,58349,Malware
2024-10-20 11:46:44.535276,10.0.0.1,10.0.0.4,5075,10,49244,49614,Malware
2024-10-20 10:46:44.535279,192.168.1.2,10.0.0.3,7864,69,14077,59161,Malware
2024-10-20 09:46:44.535282,192.168.1.2,10.0.0.3,8379,163,11439,16691,Malware
2024-10-20 08:46:44.535285,10.0.0.1,10.0.0.3,5587,292,16620,14445,DDoS
2024-10-20 07:46:44.535287,10.0.0.1,192.168.1.4,1615,15,45595,17920,Malware
2024-10-20 06:46:44.535290,10.0.0.2,192.168.1.3,5336,296,65226,51744,Malware
2024-10-20 05:46:44.535293,192.168.1.1,10.0.0.3,9531,135,16246,52820,Malware
2024-10-20 04:46:44.535296,10.0.0.1,192.168.1.3,2359,65,47555,35159,Malware
2024-10-20 03:46:44.535298,192.168.1.2,10.0.0.3,3059,5,30107,6525,Port Scan
2024-10-20 02:46:44.535301,10.0.0.2,10.0.0.4,1041,109,58957,22840,Port Scan
2024-10-20 01:46:44.535304,192.168.1.2,192.168.1.4,7641,298,49307,61555,DDoS
2024-10-20 00:46:44.535307,192.168.1.1,10.0.0.4,7839,22,24674,59676,DDoS
2024-10-19 23:46:44.535309,192.168.1.2,192.168.1.4,4447,16,29747,55511,DDoS
2024-10-19 22:46:44.535312,192.168.1.1,192.168.1.3,3303,5,38902,30335,DDoS
2024-10-19 21:46:44.535314,192.168.1.1,10.0.0.4,2291,289,53605,42936,Malware
2024-10-19 20:46:44.535317,192.168.1.1,192.168.1.4,2852,295,1874,27020,Brute Force
2024-10-19 19:46:44.535320,192.168.1.2,10.0.0.3,8359,172,4368,37581,Brute Force
2024-10-19 18:46:44.535323,192.168.1.2,10.0.0.3,6207,44,14109,15044,Port Scan
2024-10-19 17:46:44.535325,10.0.0.1,10.0.0.4,7672,162,54014,58221,Port Scan
2024-10-19 16:46:44.535328,192.168.1.1,10.0.0.3,3300,16,33550,29987,Brute Force
2024-10-19 15:46:44.535331,192.168.1.2,192.168.1.4,7867,15,21481,58823,DDoS
2024-10-19 14:46:44.535334,192.168.1.1,10.0.0.3,417,256,20313,17500,Malware
2024-10-19 13:46:44.535337,192.168.1.1,192.168.1.4,1993,134,48889,37684,Brute Force
2024-10-19 12:46:44.535339,192.168.1.2,192.168.1.3,1529,107,60166,7975,Malware
2024-10-19 11:46:44.535342,192.168.1.2,10.0.0.3,4844,7,6860,1510,Port Scan
2024-10-19 10:46:44.535344,192.168.1.2,10.0.0.4,9080,171,20685,43848,Port Scan
2024-10-19 09:46:44.535347,10.0.0.2,10.0.0.3,1506,29,20815,16506,Brute Force
2024-10-19 08:46:44.535350,10.0.0.2,10.0.0.3,9491,111,47252,29921,Malware
2024-10-19 07:46:44.535352,192.168.1.2,192.168.1.3,2565,120,36459,47981,Malware
2024-10-19 06:46:44.535355,192.168.1.2,192.168.1.4,5732,95,44471,48045,Malware
2024-10-19 05:46:44.535358,192.168.1.1,192.168.1.3,4470,60,61306,45827,Port Scan
2024-10-19 04:46:44.535361,192.168.1.1,192.168.1.3,1143,218,42582,63749,Brute Force
2024-10-19 03:46:44.535364,10.0.0.1,10.0.0.3,7960,53,34046,60044,DDoS
2024-10-19 02:46:44.535366,10.0.0.2,192.168.1.3,572,271,65070,36630,Port Scan
2024-10-19 01:46:44.535369,10.0.0.1,10.0.0.4,660,290,43852,30280,Port Scan
2024-10-19 00:46:44.535371,10.0.0.2,192.168.1.4,6812,152,54011,50305,Malware
2024-10-18 23:46:44.535374,10.0.0.2,10.0.0.3,800,138,56301,8078,DDoS
2024-10-18 22:46:44.535376,10.0.0.2,192.168.1.3,9146,1,63695,16488,Port Scan
2024-10-18 21:46:44.535378,10.0.0.1,10.0.0.3,8966,28,31517,5114,Brute Force
2024-10-18 20:46:44.535380,192.168.1.2,10.0.0.3,9718,238,48387,7930,Port Scan
2024-10-18 19:46:44.535383,10.0.0.1,192.168.1.4,3163,237,47560,46262,Malware
2024-10-18 18:46:44.535386,192.168.1.2,192.168.1.3,1199,129,46090,12344,Brute Force
2024-10-18 17:46:44.535389,10.0.0.1,192.168.1.4,4623,164,4004,59094,DDoS
2024-10-18 16:46:44.535391,10.0.0.2,192.168.1.4,7894,16,10610,59044,Brute Force
2024-10-18 15:46:44.535393,192.168.1.1,10.0.0.3,3279,40,6005,27142,Port Scan
2024-10-18 14:46:44.535395,192.168.1.1,192.168.1.3,4126,21,36282,41729,Port Scan
2024-10-18 13:46:44.535398,10.0.0.1,10.0.0.3,5590,98,35929,22862,Malware
2024-10-18 12:46:44.535400,192.168.1.1,192.168.1.3,5850,139,64934,56253,Port Scan
2024-10-18 11:46:44.535402,10.0.0.1,192.168.1.4,8655,108,22573,23764,Malware
2024-10-18 10:46:44.535405,10.0.0.2,192.168.1.3,3983,103,24936,34924,Port Scan
2024-10-18 09:46:44.535407,10.0.0.2,10.0.0.3,4275,68,50752,33921,DDoS
2024-10-18 08:46:44.535409,10.0.0.1,10.0.0.3,1936,124,17464,36574,DDoS
2024-10-18 07:46:44.535412,192.168.1.2,10.0.0.3,8267,177,28086,34754,DDoS
2024-10-18 06:46:44.535414,10.0.0.1,10.0.0.3,7509,189,38680,8590,Malware
2024-10-18 05:46:44.535417,192.168.1.2,192.168.1.3,8772,91,41192,52458,Port Scan
2024-10-18 04:46:44.535420,192.168.1.1,192.168.1.4,1749,70,58304,7609,DDoS
2024-10-18 03:46:44.535422,192.168.1.2,10.0.0.4,4736,47,30958,29623,Brute Force
2024-10-18 02:46:44.535425,10.0.0.2,10.0.0.4,2706,132,63662,52070,Brute Force
2024-10-18 01:46:44.535428,10.0.0.1,10.0.0.4,4203,181,14417,36504,DDoS
2024-10-18 00:46:44.535431,192.168.1.2,192.168.1.3,9082,180,12778,25789,Port Scan
2024-10-17 23:46:44.535434,10.0.0.2,192.168.1.3,5833,196,38241,7917,Brute Force
2024-10-17 22:46:44.535436,192.168.1.2,192.168.1.4,8049,2,43516,45370,Brute Force
2024-10-17 21:46:44.535439,192.168.1.2,192.168.1.3,8506,141,10449,34421,Port Scan
2024-10-17 20:46:44.535442,192.168.1.2,192.168.1.3,6306,61,18557,10010,Port Scan
2024-10-17 19:46:44.535445,10.0.0.1,10.0.0.3,8263,242,27832,20685,Malware
2024-10-17 18:46:44.535447,10.0.0.1,192.168.1.4,4321,233,18869,56660,Malware
2024-10-17 17:46:44.535461,10.0.0.1,10.0.0.3,4374,26,57391,20288,DDoS
2024-10-17 16:46:44.535464,192.168.1.1,10.0.0.4,8989,110,63660,62752,Malware
2024-10-17 15:46:44.535467,10.0.0.2,192.168.1.4,3657,91,48630,36030,DDoS
2024-10-17 14:46:44.535469,192.168.1.2,10.0.0.4,4315,224,21004,55461,DDoS
2024-10-17 13:46:44.535472,192.168.1.2,192.168.1.4,8517,116,54362,60045,Brute Force
2024-10-17 12:46:44.535474,192.168.1.2,192.168.1.3,3903,152,21021,12567,Malware
2024-10-17 11:46:44.535477,192.168.1.1,10.0.0.4,9654,232,38578,62185,DDoS
2024-10-17 10:46:44.535480,192.168.1.1,192.168.1.3,6741,23,46105,14284,DDoS
2024-10-17 09:46:44.535483,10.0.0.1,192.168.1.3,9716,69,24253,54963,DDoS
2024-10-17 08:46:44.535485,192.168.1.2,10.0.0.3,8909,242,13160,25652,Malware
2024-10-17 07:46:44.535488,10.0.0.2,10.0.0.4,3986,197,32040,63401,Malware
2024-10-17 06:46:44.535491,192.168.1.2,192.168.1.3,3507,29,40351,26977,Malware
2024-10-17 05:46:44.535493,192.168.1.2,10.0.0.3,4990,273,20244,34662,Port Scan
2024-10-17 04:46:44.535496,192.168.1.2,10.0.0.4,7202,192,9928,63741,Brute Force
2024-10-17 03:46:44.535499,10.0.0.1,10.0.0.4,3983,190,29820,22044,DDoS
2024-10-17 02:46:44.535501,192.168.1.1,192.168.1.4,9205,205,25549,64585,Brute Force
2024-10-17 01:46:44.535504,192.168.1.2,192.168.1.3,8487,141,41978,7230,DDoS
2024-10-17 00:46:44.535507,10.0.0.2,10.0.0.3,1414,66,64221,26148,Brute Force
2024-10-16 23:46:44.535510,192.168.1.1,192.168.1.4,9295,216,33166,54471,DDoS
2024-10-16 22:46:44.535512,10.0.0.1,10.0.0.4,8778,187,49464,29761,Malware
2024-10-16 21:46:44.535515,10.0.0.2,10.0.0.3,1771,148,34400,9245,Port Scan
2024-10-16 20:46:44.535517,10.0.0.2,192.168.1.4,9945,126,25429,10919,Brute Force
2024-10-16 19:46:44.535520,192.168.1.2,192.168.1.4,8466,102,41095,30535,Brute Force
2024-10-16 18:46:44.535523,192.168.1.1,192.168.1.4,8724,65,25824,19053,Malware
2024-10-16 17:46:44.535526,192.168.1.1,192.168.1.3,8297,130,56919,2824,Malware
2024-10-16 16:46:44.535528,10.0.0.2,10.0.0.4,3012,284,2147,25957,DDoS
2024-10-16 15:46:44.535531,10.0.0.1,192.168.1.3,3661,62,32075,50106,DDoS
2024-10-16 14:46:44.535534,192.168.1.2,192.168.1.3,7823,235,61010,34380,DDoS
2024-10-16 13:46:44.535536,10.0.0.2,10.0.0.4,2806,139,5447,16756,Malware
2024-10-16 12:46:44.535539,192.168.1.2,10.0.0.4,2871,144,28911,22873,DDoS
2024-10-16 11:46:44.535541,10.0.0.2,192.168.1.3,3070,97,18720,64041,Brute Force
2024-10-16 10:46:44.535544,10.0.0.1,192.168.1.3,8415,259,30556,14546,Port Scan
2024-10-16 09:46:44.535547,192.168.1.2,10.0.0.4,7168,184,56139,37077,Malware
2024-10-16 08:46:44.535550,10.0.0.1,192.168.1.3,154,122,23420,58053,Malware
2024-10-16 07:46:44.535552,192.168.1.2,10.0.0.4,4140,273,22837,3360,Malware
2024-10-16 06:46:44.535555,192.168.1.2,10.0.0.4,4342,281,29458,42783,Port Scan
2024-10-16 05:46:44.535558,192.168.1.1,10.0.0.4,836,218,45194,65028,Port Scan
2024-10-16 04:46:44.535561,192.168.1.1,10.0.0.3,5654,1,49232,51343,Port Scan
2024-10-16 03:46:44.535564,192.168.1.1,10.0.0.4,8337,104,25897,29888,Malware
2024-10-16 02:46:44.535566,10.0.0.1,192.168.1.4,5821,31,32855,21683,Malware
2024-10-16 01:46:44.535569,192.168.1.1,10.0.0.4,6757,60,25012,9217,Malware
2024-10-16 00:46:44.535572,192.168.1.2,10.0.0.4,5040,36,40190,55358,Brute Force
2024-10-15 23:46:44.535574,10.0.0.1,192.168.1.3,8777,219,8742,20321,DDoS
2024-10-15 22:46:44.535577,10.0.0.1,192.168.1.3,4754,104,6809,55452,DDoS
2024-10-15 21:46:44.535579,192.168.1.1,10.0.0.3,5488,247,7348,36992,Malware
2024-10-15 20:46:44.535582,192.168.1.1,10.0.0.3,2952,298,52035,33187,DDoS
2024-10-15 19:46:44.535585,192.168.1.2,10.0.0.3,2761,243,19245,25894,DDoS
2024-10-15 18:46:44.535588,10.0.0.1,10.0.0.4,6492,289,64003,20148,DDoS
2024-10-15 17:46:44.535591,10.0.0.2,192.168.1.4,6229,68,38514,25609,Brute Force
2024-10-15 16:46:44.535593,10.0.0.1,192.168.1.3,1683,63,12131,4428,Port Scan
2024-10-15 15:46:44.535596,10.0.0.1,10.0.0.4,5955,153,31460,9530,Malware
2024-10-15 14:46:44.535599,192.168.1.2,10.0.0.3,8916,116,64542,20455,DDoS
2024-10-15 13:46:44.535602,10.0.0.1,192.168.1.3,1100,37,29599,64043,DDoS
2024-10-15 12:46:44.535604,192.168.1.1,192.168.1.3,8647,192,32371,1936,Port Scan
2024-10-15 11:46:44.535606,192.168.1.1,192.168.1.4,6366,135,26333,52684,DDoS
2024-10-15 10:46:44.535609,192.168.1.1,10.0.0.4,739,90,52464,33096,Malware
2024-10-15 09:46:44.535612,192.168.1.2,10.0.0.3,9913,290,26893,22299,Brute Force
2024-10-15 08:46:44.535615,192.168.1.2,10.0.0.4,3892,77,56894,30690,Brute Force
2024-10-15 07:46:44.535617,10.0.0.1,10.0.0.3,4768,17,3206,65157,Brute Force
2024-10-15 06:46:44.535620,10.0.0.2,192.168.1.3,4019,128,61791,36728,Malware
2024-10-15 05:46:44.535623,10.0.0.2,192.168.1.3,7192,238,13695,32742,Brute Force
2024-10-15 04:46:44.535626,10.0.0.2,192.168.1.4,8657,152,32762,36230,DDoS
2024-10-15 03:46:44.535629,192.168.1.1,10.0.0.3,7962,45,48712,65023,Brute Force
2024-10-15 02:46:44.535631,10.0.0.1,10.0.0.4,3036,101,29684,58203,Malware
2024-10-15 01:46:44.535633,10.0.0.1,192.168.1.4,3867,27,14200,42295,DDoS
2024-10-15 00:46:44.535636,192.168.1.2,192.168.1.4,2341,247,27090,53030,Brute Force
2024-10-14 23:46:44.535639,192.168.1.1,192.168.1.4,1739,243,24696,41063,Brute Force
2024-10-14 22:46:44.535641,10.0.0.1,10.0.0.3,6260,192,64686,32235,Port Scan
2024-10-14 21:46:44.535644,10.0.0.1,10.0.0.4,9372,169,40914,14228,DDoS
2024-10-14 20:46:44.535646,10.0.0.1,10.0.0.4,1262,39,30914,35251,Brute Force
2024-10-14 19:46:44.535648,10.0.0.1,192.168.1.4,124,194,47380,13742,Brute Force
2024-10-14 18:46:44.535650,192.168.1.2,10.0.0.3,4602,156,11116,51261,Brute Force
2024-10-14 17:46:44.535653,192.168.1.2,10.0.0.4,6414,16,8801,38932,Malware
2024-10-14 16:46:44.535655,192.168.1.2,192.168.1.4,7070,242,6559,46173,Brute Force
2024-10-14 15:46:44.535657,192.168.1.1,192.168.1.3,1158,55,20090,37511,Brute Force
2024-10-14 14:46:44.535659,192.168.1.1,192.168.1.3,5271,54,15568,41042,Malware
2024-10-14 13:46:44.535662,192.168.1.2,10.0.0.4,3428,238,41331,30077,Brute Force
2024-10-14 12:46:44.535664,192.168.1.1,192.168.1.4,5336,209,30199,63955,Brute Force
2024-10-14 11:46:44.535667,10.0.0.1,10.0.0.3,3614,47,18637,10363,DDoS
2024-10-14 10:46:44.535669,192.168.1.2,192.168.1.4,7883,6,32457,12379,Brute Force
2024-10-14 09:46:44.535671,192.168.1.1,192.168.1.3,2292,171,27555,42871,Brute Force
2024-10-14 08:46:44.535674,10.0.0.2,10.0.0.3,1137,31,30071,59083,DDoS
2024-10-14 07:46:44.535676,192.168.1.2,10.0.0.3,5932,160,23099,15096,Port Scan
2024-10-14 06:46:44.535679,192.168.1.2,192.168.1.3,4785,213,42906,2202,Brute Force
2024-10-14 05:46:44.535681,192.168.1.2,10.0.0.3,8765,257,24412,54508,Port Scan
2024-10-14 04:46:44.535687,10.0.0.2,192.168.1.3,528,35,47254,63195,Malware
2024-10-14 03:46:44.535690,10.0.0.1,10.0.0.4,3809,73,62592,11410,Malware
2024-10-14 02:46:44.535693,192.168.1.2,192.168.1.3,525,109,60129,19681,DDoS
2024-10-14 01:46:44.535695,192.168.1.1,10.0.0.3,3571,236,40048,43584,Port Scan
2024-10-14 00:46:44.535698,10.0.0.2,10.0.0.4,7236,194,57865,54347,Brute Force
2024-10-13 23:46:44.535701,10.0.0.1,10.0.0.4,6240,183,18412,8373,DDoS
2024-10-13 22:46:44.535703,10.0.0.2,192.168.1.4,4197,289,39183,11500,Brute Force
2024-10-13 21:46:44.535706,10.0.0.1,192.168.1.4,6974,225,59211,42427,Brute Force
2024-10-13 20:46:44.535708,10.0.0.2,10.0.0.4,2978,229,56335,63502,DDoS
2024-10-13 19:46:44.535711,10.0.0.1,192.168.1.4,7767,126,64338,17205,Brute Force
2024-10-13 18:46:44.535713,10.0.0.2,192.168.1.4,5017,135,41653,15225,Port Scan
2024-10-13 17:46:44.535716,192.168.1.1,10.0.0.3,7796,82,42837,50650,Malware
2024-10-13 16:46:44.535718,10.0.0.1,192.168.1.3,1192,58,62427,18728,DDoS
2024-10-13 15:46:44.535721,192.168.1.1,192.168.1.4,8063,25,8670,53487,Brute Force
2024-10-13 14:46:44.535724,10.0.0.1,10.0.0.3,8781,264,3859,53998,Malware
2024-10-13 13:46:44.535727,192.168.1.1,10.0.0.3,7808,197,14215,31039,DDoS
2024-10-13 12:46:44.535729,192.168.1.1,192.168.1.4,9009,155,1426,42426,Malware
2024-10-13 11:46:44.535732,10.0.0.1,10.0.0.4,936,194,4285,55451,Brute Force
2024-10-13 10:46:44.535735,10.0.0.1,192.168.1.3,9820,22,54857,41506,Brute Force
2024-10-13 09:46:44.535737,10.0.0.1,192.168.1.4,3350,47,37152,27715,Brute Force
2024-10-13 08:46:44.535740,192.168.1.2,192.168.1.3,464,5,32260,36587,Brute Force
2024-10-13 07:46:44.535743,10.0.0.1,10.0.0.3,7886,163,13086,1447,Malware
2024-10-13 06:46:44.535746,192.168.1.2,10.0.0.4,8657,13,3394,34394,Port Scan
2024-10-13 05:46:44.535748,192.168.1.1,192.168.1.4,6792,103,2919,21574,Brute Force
2024-10-13 04:46:44.535751,192.168.1.1,10.0.0.4,4989,154,28247,53342,Malware
2024-10-13 03:46:44.535754,10.0.0.1,10.0.0.3,1455,277,6405,20922,Brute Force
2024-10-13 02:46:44.535757,192.168.1.2,192.168.1.4,3207,130,7526,56228,DDoS
2024-10-13 01:46:44.535760,10.0.0.1,10.0.0.4,1232,63,49536,31878,Malware
2024-10-13 00:46:44.535762,192.168.1.2,10.0.0.3,1797,44,60203,37029,Malware
2024-10-12 23:46:44.535765,192.168.1.2,192.168.1.3,7418,267,12046,17417,Brute Force
2024-10-12 22:46:44.535767,10.0.0.1,10.0.0.3,4138,12,54728,24929,Malware
2024-10-12 21:46:44.535770,192.168.1.2,192.168.1.3,8800,170,39960,43334,Brute Force
2024-10-12 20:46:44.535773,192.168.1.2,10.0.0.4,7478,126,39771,4444,Malware
2024-10-12 19:46:44.535776,10.0.0.1,10.0.0.3,1932,9,19420,16573,DDoS
2024-10-12 18:46:44.535779,10.0.0.1,192.168.1.3,6345,81,55428,57207,Port Scan
2024-10-12 17:46:44.535781,10.0.0.2,192.168.1.4,8661,19,25970,37026,Port Scan
2024-10-12 16:46:44.535784,192.168.1.2,192.168.1.3,9232,267,8315,53748,DDoS
2024-10-12 15:46:44.535787,192.168.1.2,192.168.1.4,5805,157,21450,17333,Brute Force
2024-10-12 14:46:44.535790,10.0.0.1,192.168.1.4,6414,61,58358,37876,Port Scan
2024-10-12 13:46:44.535792,192.168.1.1,10.0.0.3,7676,159,55434,42751,Port Scan
2024-10-12 12:46:44.535795,10.0.0.2,192.168.1.4,8231,226,23119,29098,Brute Force
2024-10-12 11:46:44.535798,192.168.1.2,10.0.0.4,2524,10,49258,63573,Brute Force
2024-10-12 10:46:44.535801,10.0.0.1,10.0.0.4,6444,216,40449,10042,Malware
2024-10-12 09:46:44.535804,192.168.1.2,10.0.0.4,4057,93,19401,45438,Brute Force
2024-10-12 08:46:44.535806,10.0.0.2,10.0.0.4,7694,80,39574,42459,DDoS
2024-10-12 07:46:44.535809,10.0.0.1,192.168.1.4,5938,109,45178,21211,Brute Force
2024-10-12 06:46:44.535812,192.168.1.1,10.0.0.3,4793,149,8551,3543,Malware
2024-10-12 05:46:44.535814,192.168.1.1,192.168.1.3,1362,203,12759,59524,Port Scan
2024-10-12 04:46:44.535817,10.0.0.1,10.0.0.4,4636,134,51475,18072,Brute Force
2024-10-12 03:46:44.535820,10.0.0.2,192.168.1.3,4642,212,59633,36766,Brute Force
2024-10-12 02:46:44.535823,192.168.1.1,10.0.0.4,9540,79,12284,5765,Malware
2024-10-12 01:46:44.535826,192.168.1.2,192.168.1.3,8794,32,7909,38278,Malware
2024-10-12 00:46:44.535828,10.0.0.1,192.168.1.4,5863,83,35257,19089,DDoS
2024-10-11 23:46:44.535831,10.0.0.2,10.0.0.4,3289,147,10763,44714,Malware
2024-10-11 22:46:44.535834,10.0.0.2,192.168.1.4,768,150,23570,31174,Brute Force
2024-10-11 21:46:44.535837,10.0.0.1,192.168.1.3,374,220,64401,42868,Port Scan
2024-10-11 20:46:44.535839,10.0.0.2,10.0.0.4,5989,29,2070,65016,Malware
2024-10-11 19:46:44.535842,192.168.1.1,192.168.1.4,7937,147,65309,37061,Malware
2024-10-11 18:46:44.535845,192.168.1.1,10.0.0.3,7062,108,12345,41627,Brute Force
2024-10-11 17:46:44.535848,192.168.1.1,10.0.0.3,7816,252,21275,59518,Port Scan
2024-10-11 16:46:44.535850,192.168.1.1,192.168.1.3,9410,184,58308,14041,Malware
2024-10-11 15:46:44.535853,192.168.1.1,10.0.0.4,5048,242,52199,7774,Malware
2024-10-11 14:46:44.535856,10.0.0.2,192.168.1.4,6089,27,29834,14253,DDoS
2024-10-11 13:46:44.535859,192.168.1.2,10.0.0.4,979,283,8813,18661,DDoS
2024-10-11 12:46:44.535862,192.168.1.1,10.0.0.3,1910,155,65257,21020,Port Scan
2024-10-11 11:46:44.535865,10.0.0.1,10.0.0.3,6046,2,16932,36101,Malware
2024-10-11 10:46:44.535868,192.168.1.1,192.168.1.4,3339,61,17882,44854,Malware
2024-10-11 09:46:44.535870,10.0.0.2,10.0.0.4,8764,144,56731,51080,Malware
2024-10-11 08:46:44.535873,192.168.1.2,192.168.1.4,9119,106,32070,64088,Brute Force
2024-10-11 07:46:44.535876,192.168.1.1,192.168.1.3,5949,228,57186,28515,Malware
2024-10-11 06:46:44.535879,10.0.0.2,10.0.0.3,1182,188,13351,20670,Brute Force
2024-10-11 05:46:44.535881,10.0.0.2,192.168.1.3,4258,288,63983,1111,Brute Force
2024-10-11 04:46:44.535884,192.168.1.2,10.0.0.3,8968,12,21100,54250,Port Scan
2024-10-11 03:46:44.535887,10.0.0.2,192.168.1.4,791,262,46606,28909,Malware
2024-10-11 02:46:44.535890,10.0.0.1,192.168.1.4,9392,265,17289,45317,Malware
2024-10-11 01:46:44.535893,10.0.0.2,10.0.0.3,813,21,39321,38767,DDoS
2024-10-11 00:46:44.535895,10.0.0.2,10.0.0.4,5947,9,42570,23081,DDoS
2024-10-10 23:46:44.535898,10.0.0.1,192.168.1.3,4367,60,24227,41736,Brute Force
2024-10-10 22:46:44.535901,10.0.0.1,10.0.0.4,9311,111,16644,34917,DDoS
2024-10-10 21:46:44.535904,10.0.0.1,10.0.0.4,5279,113,9678,39371,Brute Force
2024-10-10 20:46:44.535907,10.0.0.2,10.0.0.4,3014,290,37903,49138,Malware
2024-10-10 19:46:44.535910,10.0.0.2,10.0.0.3,2445,279,5080,32459,Malware
2024-10-10 18:46:44.535912,192.168.1.1,192.168.1.3,8420,181,22521,47313,Malware
2024-10-10 17:46:44.535915,192.168.1.2,192.168.1.4,8042,224,56537,8723,Malware
2024-10-10 16:46:44.535918,192.168.1.2,10.0.0.4,4604,284,32946,33854,Malware
2024-10-10 15:46:44.535924,10.0.0.1,10.0.0.3,2640,70,57279,36694,DDoS
2024-10-10 14:46:44.535927,10.0.0.2,10.0.0.4,3319,46,50804,61072,DDoS
2024-10-10 13:46:44.535930,10.0.0.1,10.0.0.3,7510,11,43414,46282,Brute Force
2024-10-10 12:46:44.535932,10.0.0.2,10.0.0.4,9842,108,47568,31684,Brute Force
2024-10-10 11:46:44.535935,192.168.1.1,10.0.0.3,6667,129,53046,64095,Port Scan
2024-10-10 10:46:44.535938,10.0.0.2,10.0.0.4,9793,110,27050,60421,Port Scan
2024-10-10 09:46:44.535941,10.0.0.2,192.168.1.3,151,96,32083,36243,Malware
2024-10-10 08:46:44.535943,10.0.0.2,10.0.0.3,3768,126,22913,20245,Brute Force
2024-10-10 07:46:44.535946,10.0.0.1,10.0.0.3,7016,192,37834,15614,Port Scan
2024-10-10 06:46:44.535949,192.168.1.1,10.0.0.4,9890,146,30089,55660,Malware
2024-10-10 05:46:44.535952,192.168.1.2,10.0.0.4,5801,98,55597,56430,DDoS
2024-10-10 04:46:44.535955,10.0.0.1,10.0.0.4,9594,170,44555,2920,Port Scan
2024-10-10 03:46:44.535957,192.168.1.1,192.168.1.4,8882,34,20890,17446,Brute Force
2024-10-10 02:46:44.535960,10.0.0.1,192.168.1.3,666,239,64947,32530,Port Scan
2024-10-10 01:46:44.535963,192.168.1.2,192.168.1.3,619,180,10759,55598,Malware
2024-10-10 00:46:44.535966,192.168.1.1,192.168.1.3,9129,46,47726,61869,Port Scan
2024-10-09 23:46:44.535968,192.168.1.1,10.0.0.4,142,236,22892,35928,Malware
2024-10-09 22:46:44.535971,10.0.0.2,10.0.0.3,1703,217,17346,43871,Port Scan
2024-10-09 21:46:44.535974,10.0.0.1,10.0.0.3,8587,28,21486,59344,Malware
2024-10-09 20:46:44.535977,192.168.1.2,192.168.1.3,8087,129,45950,59077,DDoS
2024-10-09 19:46:44.535979,10.0.0.2,10.0.0.4,4995,272,13806,33788,DDoS
2024-10-09 18:46:44.535982,10.0.0.1,192.168.1.3,4131,11,27652,32442,Port Scan
2024-10-09 17:46:44.535985,192.168.1.1,192.168.1.3,6065,291,63743,17482,Brute Force
2024-10-09 16:46:44.535988,192.168.1.2,10.0.0.3,4483,106,42667,48203,Brute Force
2024-10-09 15:46:44.535991,10.0.0.1,192.168.1.4,7630,13,37666,34908,DDoS
2024-10-09 14:46:44.535993,10.0.0.2,10.0.0.4,4755,47,33693,47844,Brute Force
2024-10-09 13:46:44.535996,10.0.0.2,192.168.1.3,635,242,53929,43879,DDoS
2024-10-09 12:46:44.535999,10.0.0.1,10.0.0.4,7685,169,49183,8770,Brute Force
2024-10-09 11:46:44.536002,192.168.1.2,10.0.0.4,2049,21,59054,57898,Malware
2024-10-09 10:46:44.536005,10.0.0.2,10.0.0.4,1480,147,6650,61829,DDoS
2024-10-09 09:46:44.536007,192.168.1.1,192.168.1.4,2613,260,56038,28863,Malware
2024-10-09 08:46:44.536010,10.0.0.1,192.168.1.3,1599,7,3396,7977,Brute Force
2024-10-09 07:46:44.536013,10.0.0.1,192.168.1.3,7835,123,44374,26436,Port Scan
2024-10-09 06:46:44.536016,192.168.1.2,192.168.1.4,4371,128,4586,12623,Port Scan
2024-10-09 05:46:44.536019,192.168.1.1,10.0.0.3,4495,294,5086,2015,Brute Force
2024-10-09 04:46:44.536021,192.168.1.1,192.168.1.4,6863,3,10698,40635,Malware
2024-10-09 03:46:44.536024,10.0.0.2,10.0.0.3,2472,12,22784,12334,Brute Force
2024-10-09 02:46:44.536027,10.0.0.2,10.0.0.4,5683,270,25072,5521,DDoS
2024-10-09 01:46:44.536030,10.0.0.2,192.168.1.3,6433,81,14540,6999,DDoS
2024-10-09 00:46:44.536033,10.0.0.1,10.0.0.4,5288,131,43905,1887,DDoS
2024-10-08 23:46:44.536035,192.168.1.1,192.168.1.3,7899,154,8113,62101,DDoS
2024-10-08 22:46:44.536038,10.0.0.2,10.0.0.4,1193,92,31495,27590,Brute Force
2024-10-08 21:46:44.536041,192.168.1.2,192.168.1.3,9560,44,57667,7315,Malware
2024-10-08 20:46:44.536044,192.168.1.1,10.0.0.4,3884,129,6052,21172,Brute Force
2024-10-08 19:46:44.536047,192.168.1.2,10.0.0.4,7818,288,5753,7548,Malware
2024-10-08 18:46:44.536050,192.168.1.2,10.0.0.4,1337,85,62343,49172,DDoS
2024-10-08 17:46:44.536053,10.0.0.2,192.168.1.3,7511,29,12057,50615,Brute Force
2024-10-08 16:46:44.536056,10.0.0.1,10.0.0.3,5182,50,10349,21665,DDoS
2024-10-08 15:46:44.536058,192.168.1.1,192.168.1.4,8552,188,34842,13719,Malware
2024-10-08 14:46:44.536061,192.168.1.1,10.0.0.3,8281,216,18687,33228,Malware
2024-10-08 13:46:44.536064,10.0.0.1,192.168.1.3,7517,152,53636,51593,DDoS
2024-10-08 12:46:44.536067,10.0.0.1,192.168.1.4,7792,98,45543,15427,Brute Force
2024-10-08 11:46:44.536069,192.168.1.2,10.0.0.4,7467,146,27326,18089,Brute Force
2024-10-08 10:46:44.536072,10.0.0.1,192.168.1.3,6657,136,21945,7722,Port Scan
2024-10-08 09:46:44.536075,10.0.0.2,10.0.0.4,1712,68,38377,2814,Malware
2024-10-08 08:46:44.536078,192.168.1.2,192.168.1.3,7959,255,18953,57340,Malware
2024-10-08 07:46:44.536081,192.168.1.1,192.168.1.4,1892,125,50384,37604,DDoS
2024-10-08 06:46:44.536083,10.0.0.2,10.0.0.4,8755,27,19691,62247,Brute Force
2024-10-08 05:46:44.536086,192.168.1.1,192.168.1.4,9412,274,35641,29201,DDoS
2024-10-08 04:46:44.536089,10.0.0.2,10.0.0.4,3074,237,22880,47868,DDoS
2024-10-08 03:46:44.536092,10.0.0.2,10.0.0.4,3379,275,60987,61739,Brute Force
2024-10-08 02:46:44.536095,192.168.1.2,10.0.0.3,6076,19,13629,51039,Port Scan
2024-10-08 01:46:44.536098,192.168.1.2,10.0.0.3,2233,208,8426,19215,Malware
2024-10-08 00:46:44.536100,10.0.0.2,192.168.1.3,8520,151,63084,54644,DDoS
2024-10-07 23:46:44.536103,10.0.0.1,10.0.0.3,7781,82,57214,26011,DDoS
2024-10-07 22:46:44.536106,10.0.0.2,10.0.0.3,4876,165,61015,13564,Port Scan
2024-10-07 21:46:44.536109,192.168.1.1,192.168.1.3,4215,249,38016,61428,Brute Force
2024-10-07 20:46:44.536129,192.168.1.2,192.168.1.3,3488,245,28825,1207,Brute Force
2024-10-07 19:46:44.536132,192.168.1.1,192.168.1.4,2022,102,42269,29897,Port Scan
2024-10-07 18:46:44.536134,10.0.0.2,10.0.0.3,9735,46,6531,10655,DDoS
2024-10-07 17:46:44.536137,10.0.0.2,10.0.0.3,1354,52,23356,24586,Malware
2024-10-07 16:46:44.536139,192.168.1.1,10.0.0.3,5187,110,42288,25549,DDoS
2024-10-07 15:46:44.536142,192.168.1.2,10.0.0.4,9427,55,16372,15574,Malware
2024-10-07 14:46:44.536144,192.168.1.1,192.168.1.4,2124,278,8694,24341,Brute Force
2024-10-07 13:46:44.536147,10.0.0.1,10.0.0.3,9490,115,25928,39422,Malware
2024-10-07 12:46:44.536149,192.168.1.1,10.0.0.4,9959,177,2125,25252,DDoS
2024-10-07 11:46:44.536152,10.0.0.2,192.168.1.3,6249,75,48598,11320,DDoS
2024-10-07 10:46:44.536155,10.0.0.2,10.0.0.3,3559,216,59519,55170,DDoS
2024-10-07 09:46:44.536157,192.168.1.1,10.0.0.4,169,286,32819,37468,Malware
2024-10-07 08:46:44.536160,10.0.0.2,192.168.1.4,2210,294,41423,27763,Malware
2024-10-07 07:46:44.536163,192.168.1.1,192.168.1.3,2984,49,34201,20019,Port Scan
2024-10-07 06:46:44.536165,10.0.0.1,192.168.1.4,9453,60,10701,13816,Malware
2024-10-07 05:46:44.536168,192.168.1.2,192.168.1.4,5685,1,20375,27304,Brute Force
2024-10-07 04:46:44.536171,192.168.1.1,10.0.0.3,8375,84,60159,17415,Port Scan
2024-10-07 03:46:44.536174,10.0.0.2,10.0.0.3,3212,104,6474,50501,Brute Force
2024-10-07 02:46:44.536176,192.168.1.1,192.168.1.4,3991,80,11585,14304,Port Scan
2024-10-07 01:46:44.536183,192.168.1.2,10.0.0.3,9067,29,62259,39017,Malware
2024-10-07 00:46:44.536186,10.0.0.1,192.168.1.3,4711,164,39743,22765,Brute Force
2024-10-06 23:46:44.536189,10.0.0.1,192.168.1.3,360,48,52578,30363,Port Scan
2024-10-06 22:46:44.536191,10.0.0.1,192.168.1.3,3201,228,47547,34306,Malware
2024-10-06 21:46:44.536194,10.0.0.2,192.168.1.4,3143,271,44185,49988,Malware
2024-10-06 20:46:44.536197,10.0.0.2,192.168.1.3,6924,28,45460,49958,Malware
2024-10-06 19:46:44.536200,192.168.1.1,10.0.0.4,5777,255,36280,5750,Malware
2024-10-06 18:46:44.536203,10.0.0.2,10.0.0.4,2170,204,53484,4834,DDoS
2024-10-06 17:46:44.536206,10.0.0.1,10.0.0.3,7481,62,59285,37526,DDoS
2024-10-06 16:46:44.536209,192.168.1.1,10.0.0.3,1119,142,26078,43789,Port Scan
2024-10-06 15:46:44.536211,192.168.1.2,10.0.0.4,2887,109,43361,27605,Malware
2024-10-06 14:46:44.536214,10.0.0.2,10.0.0.3,5048,187,10446,42381,Brute Force
2024-10-06 13:46:44.536217,10.0.0.2,10.0.0.4,803,27,58052,19381,Port Scan
2024-10-06 12:46:44.536220,192.168.1.2,10.0.0.4,6568,203,17959,44529,Port Scan
2024-10-06 11:46:44.536222,10.0.0.1,10.0.0.4,976,44,10206,14793,DDoS
2024-10-06 10:46:44.536225,192.168.1.1,192.168.1.4,365,59,12016,9801,Malware
2024-10-06 09:46:44.536228,10.0.0.1,192.168.1.4,2690,165,46609,28039,DDoS
2024-10-06 08:46:44.536231,192.168.1.1,10.0.0.4,6129,65,52859,27671,Brute Force
2024-10-06 07:46:44.536233,192.168.1.1,10.0.0.3,6848,250,8476,37403,Brute Force
2024-10-06 06:46:44.536236,10.0.0.1,192.168.1.4,5906,94,18939,10751,Malware
2024-10-06 05:46:44.536239,192.168.1.1,192.168.1.3,5518,119,19352,17191,Port Scan
2024-10-06 04:46:44.536242,10.0.0.2,192.168.1.4,4401,46,49458,57712,Malware
2024-10-06 03:46:44.536244,192.168.1.1,10.0.0.4,4665,174,17200,11694,DDoS
2024-10-06 02:46:44.536247,192.168.1.1,10.0.0.3,3744,3,46371,63224,Malware
2024-10-06 01:46:44.536250,192.168.1.1,10.0.0.4,6544,153,47801,61860,Brute Force
2024-10-06 00:46:44.536253,192.168.1.1,10.0.0.4,7202,260,57019,36463,Port Scan
2024-10-05 23:46:44.536255,10.0.0.1,192.168.1.4,4044,160,63036,14733,Malware
2024-10-05 22:46:44.536258,10.0.0.1,192.168.1.3,7947,119,47896,8518,Malware
2024-10-05 21:46:44.536261,192.168.1.1,10.0.0.4,3297,6,31553,53325,Port Scan
2024-10-05 20:46:44.536264,192.168.1.2,192.168.1.3,3378,240,50385,37852,Malware
2024-10-05 19:46:44.536267,192.168.1.2,10.0.0.4,1453,286,51424,58219,Malware
2024-10-05 18:46:44.536270,192.168.1.1,192.168.1.4,9507,194,42534,24858,DDoS
2024-10-05 17:46:44.536272,192.168.1.2,10.0.0.4,8746,287,56537,62188,DDoS
2024-10-05 16:46:44.536275,10.0.0.2,10.0.0.3,1088,11,32968,59166,Malware
2024-10-05 15:46:44.536278,192.168.1.1,10.0.0.4,7950,148,62025,12799,Port Scan
2024-10-05 14:46:44.536281,192.168.1.1,192.168.1.3,6831,54,2272,62281,Malware
2024-10-05 13:46:44.536283,10.0.0.1,10.0.0.4,2016,245,53656,34729,Malware
2024-10-05 12:46:44.536286,192.168.1.1,10.0.0.3,9778,154,52373,54705,Malware
2024-10-05 11:46:44.536289,10.0.0.1,10.0.0.4,9749,86,40368,24979,DDoS
2024-10-05 10:46:44.536292,10.0.0.1,192.168.1.4,1125,283,35556,20119,Malware
2024-10-05 09:46:44.536294,10.0.0.2,10.0.0.3,9181,270,6441,52072,DDoS
2024-10-05 08:46:44.536296,192.168.1.2,192.168.1.3,2220,286,16826,23932,DDoS
2024-10-05 07:46:44.536299,192.168.1.1,192.168.1.4,4128,28,51569,57034,Malware
2024-10-05 06:46:44.536301,192.168.1.2,10.0.0.3,4621,287,62045,39577,DDoS
2024-10-05 05:46:44.536303,10.0.0.1,192.168.1.4,8234,131,62489,55485,DDoS
2024-10-05 04:46:44.536306,10.0.0.2,192.168.1.3,3073,287,10378,19577,DDoS
2024-10-05 03:46:44.536309,10.0.0.2,10.0.0.4,5422,268,48222,7886,DDoS
2024-10-05 02:46:44.536311,10.0.0.1,192.168.1.3,5445,40,10698,41904,Port Scan
2024-10-05 01:46:44.536314,10.0.0.1,192.168.1.4,2076,14,21794,10075,Port Scan
2024-10-05 00:46:44.536317,192.168.1.2,192.168.1.3,9660,75,25643,62116,Brute Force
2024-10-04 23:46:44.536320,10.0.0.2,192.168.1.4,5162,193,63878,51038,DDoS
2024-10-04 22:46:44.536323,192.168.1.2,10.0.0.4,4314,27,3354,1146,DDoS
2024-10-04 21:46:44.536325,192.168.1.2,10.0.0.4,5960,143,27791,58753,Malware
2024-10-04 20:46:44.536328,192.168.1.2,10.0.0.3,8045,88,10943,25308,DDoS
2024-10-04 19:46:44.536331,10.0.0.2,10.0.0.3,9981,289,22632,12900,Brute Force
2024-10-04 18:46:44.536333,10.0.0.1,10.0.0.3,9165,266,43367,33296,Malware
2024-10-04 17:46:44.536335,192.168.1.2,192.168.1.4,6311,80,2062,59239,Malware
2024-10-04 16:46:44.536338,192.168.1.2,192.168.1.4,2463,174,33415,58458,Malware
2024-10-04 15:46:44.536341,192.168.1.2,192.168.1.3,9526,293,24572,12056,Port Scan
2024-10-04 14:46:44.536344,192.168.1.1,10.0.0.4,5381,73,10276,42742,Brute Force
2024-10-04 13:46:44.536346,10.0.0.2,192.168.1.3,1394,228,61430,9852,Malware
2024-10-04 12:46:44.536349,192.168.1.2,192.168.1.3,1541,73,19504,37399,Brute Force
2024-10-04 11:46:44.536352,10.0.0.1,10.0.0.4,3965,294,56606,63745,DDoS
2024-10-04 10:46:44.536355,192.168.1.1,192.168.1.3,6110,78,29360,42852,Malware
2024-10-04 09:46:44.536357,10.0.0.2,10.0.0.3,7847,296,13203,62337,DDoS
2024-10-04 08:46:44.536360,10.0.0.2,10.0.0.4,2319,154,20351,6198,Port Scan
2024-10-04 07:46:44.536363,10.0.0.1,192.168.1.3,9507,207,4259,58724,Malware
2024-10-04 06:46:44.536366,10.0.0.1,10.0.0.3,8837,280,30723,14728,Brute Force
2024-10-04 05:46:44.536368,10.0.0.1,10.0.0.4,1569,254,11677,41148,Malware
2024-10-04 04:46:44.536371,10.0.0.2,10.0.0.4,767,170,61467,63662,DDoS
2024-10-04 03:46:44.536374,192.168.1.1,10.0.0.3,9903,38,25973,56734,DDoS
2024-10-04 02:46:44.536377,192.168.1.2,10.0.0.4,292,111,7026,4931,Brute Force
2024-10-04 01:46:44.536379,10.0.0.2,10.0.0.3,592,299,31282,57527,DDoS
2024-10-04 00:46:44.536382,10.0.0.2,10.0.0.4,5975,170,19941,33894,Brute Force
2024-10-03 23:46:44.536385,192.168.1.2,10.0.0.3,9235,280,56229,20846,Brute Force
2024-10-03 22:46:44.536388,192.168.1.1,192.168.1.3,7771,4,9219,57011,Port Scan
2024-10-03 21:46:44.536390,192.168.1.2,10.0.0.4,2707,93,47590,32600,Port Scan
2024-10-03 20:46:44.536393,10.0.0.2,192.168.1.3,1318,75,18815,19743,Port Scan
2024-10-03 19:46:44.536395,10.0.0.2,192.168.1.4,3695,120,64431,5176,DDoS
2024-10-03 18:46:44.536397,10.0.0.1,10.0.0.3,6855,147,2348,14297,Brute Force
2024-10-03 17:46:44.536400,192.168.1.1,10.0.0.3,1069,210,20220,13929,Malware
2024-10-03 16:46:44.536402,192.168.1.1,192.168.1.3,6977,213,39165,39894,Malware
2024-10-03 15:46:44.536405,10.0.0.1,10.0.0.3,9176,78,16625,7551,DDoS
2024-10-03 14:46:44.536407,10.0.0.1,10.0.0.4,870,180,23448,3643,Malware
2024-10-03 13:46:44.536417,10.0.0.2,10.0.0.4,3803,72,5914,32371,Port Scan
2024-10-03 12:46:44.536419,10.0.0.1,192.168.1.4,6463,182,12455,5188,DDoS
2024-10-03 11:46:44.536422,10.0.0.1,192.168.1.4,4247,260,56353,11409,Malware
2024-10-03 10:46:44.536424,10.0.0.2,192.168.1.4,4181,4,30076,35300,Malware
2024-10-03 09:46:44.536426,192.168.1.2,192.168.1.4,7537,136,58505,24072,Brute Force
2024-10-03 08:46:44.536429,192.168.1.1,192.168.1.3,7691,261,27581,61770,Malware
2024-10-03 07:46:44.536431,10.0.0.1,10.0.0.3,6553,41,60938,27648,Port Scan
2024-10-03 06:46:44.536434,192.168.1.2,192.168.1.4,8464,136,30815,3966,Malware
2024-10-03 05:46:44.536436,192.168.1.1,10.0.0.3,7677,277,6363,57715,Malware
2024-10-03 04:46:44.536439,10.0.0.1,10.0.0.3,838,160,33368,23455,Brute Force
2024-10-03 03:46:44.536441,10.0.0.1,192.168.1.3,8402,140,23712,3908,Malware
2024-10-03 02:46:44.536443,192.168.1.1,192.168.1.4,8364,83,32976,26421,Port Scan
2024-10-03 01:46:44.536445,192.168.1.2,192.168.1.4,9394,255,6103,27664,Port Scan
2024-10-03 00:46:44.536448,10.0.0.1,10.0.0.3,4729,2,2181,30018,DDoS
2024-10-02 23:46:44.536450,192.168.1.2,192.168.1.3,5781,82,15106,61246,Brute Force
2024-10-02 22:46:44.536459,192.168.1.2,10.0.0.3,631,41,25983,54981,Port Scan
2024-10-02 21:46:44.536462,10.0.0.1,10.0.0.4,7392,6,26101,64276,DDoS
2024-10-02 20:46:44.536464,192.168.1.2,192.168.1.3,4660,95,31064,45219,DDoS
2024-10-02 19:46:44.536466,10.0.0.1,192.168.1.4,6132,219,23849,41005,Malware
2024-10-02 18:46:44.536469,192.168.1.1,10.0.0.4,3090,25,34048,63658,Port Scan
2024-10-02 17:46:44.536474,192.168.1.2,10.0.0.4,8563,196,60074,48588,Brute Force
2024-10-02 16:46:44.536476,192.168.1.2,192.168.1.3,2620,63,33457,34709,Port Scan
2024-10-02 15:46:44.536478,192.168.1.1,10.0.0.4,4900,179,23818,61476,DDoS
2024-10-02 14:46:44.536481,10.0.0.1,192.168.1.4,3094,192,24759,43879,Port Scan
2024-10-02 13:46:44.536483,192.168.1.2,192.168.1.3,1531,105,11561,2574,DDoS
2024-10-02 12:46:44.536484,10.0.0.2,10.0.0.3,2869,14,46982,34277,Malware
2024-10-02 11:46:44.536486,192.168.1.1,10.0.0.3,4721,163,20638,28353,Brute Force
2024-10-02 10:46:44.536487,10.0.0.2,192.168.1.4,5557,286,36221,21742,Port Scan
2024-10-02 09:46:44.536489,10.0.0.1,192.168.1.3,5206,157,53982,18324,Malware
2024-10-02 08:46:44.536490,192.168.1.1,10.0.0.3,1793,155,13056,25744,Malware
2024-10-02 07:46:44.536492,192.168.1.2,192.168.1.4,8289,64,39939,21305,DDoS
2024-10-02 06:46:44.536493,10.0.0.2,192.168.1.4,9530,169,2089,41855,Malware
2024-10-02 05:46:44.536495,192.168.1.2,10.0.0.3,7194,284,35011,8421,Port Scan
2024-10-02 04:46:44.536496,192.168.1.2,10.0.0.3,1713,40,44689,33916,Malware
2024-10-02 03:46:44.536498,192.168.1.1,192.168.1.4,8977,41,30097,11326,Port Scan
2024-10-02 02:46:44.536499,10.0.0.1,192.168.1.4,8970,26,63300,28573,Malware
2024-10-02 01:46:44.536501,10.0.0.2,10.0.0.3,9786,183,16583,3599,Malware
2024-10-02 00:46:44.536502,192.168.1.2,10.0.0.3,3270,213,44456,26334,Brute Force
2024-10-01 23:46:44.536504,192.168.1.1,192.168.1.3,7685,72,5108,7881,Brute Force
2024-10-01 22:46:44.536505,10.0.0.1,192.168.1.4,4084,126,33413,56781,DDoS
2024-10-01 21:46:44.536507,192.168.1.2,10.0.0.3,966,99,17150,5344,DDoS
2024-10-01 20:46:44.536509,10.0.0.1,192.168.1.3,8568,148,31265,64416,Brute Force
2024-10-01 19:46:44.536510,10.0.0.2,10.0.0.3,8144,234,11463,21431,Malware
2024-10-01 18:46:44.536512,192.168.1.1,10.0.0.4,5882,265,18616,34436,Malware
2024-10-01 17:46:44.536513,192.168.1.2,192.168.1.3,4761,109,31617,49159,Port Scan
2024-10-01 16:46:44.536515,10.0.0.2,10.0.0.4,6221,6,59301,1738,DDoS
2024-10-01 15:46:44.536516,10.0.0.2,192.168.1.3,8426,233,18923,21215,Malware
2024-10-01 14:46:44.536518,10.0.0.2,192.168.1.4,655,69,21663,43905,DDoS
2024-10-01 13:46:44.536519,10.0.0.2,10.0.0.3,8513,41,53219,26366,Malware
2024-10-01 12:46:44.536521,10.0.0.2,10.0.0.3,8061,68,14486,45302,DDoS
2024-10-01 11:46:44.536522,10.0.0.1,192.168.1.3,9574,63,4795,54043,Brute Force
2024-10-01 10:46:44.536524,10.0.0.2,192.168.1.3,9192,29,43841,47928,Brute Force
2024-10-01 09:46:44.536526,192.168.1.1,192.168.1.3,6077,223,22160,17628,Brute Force
2024-10-01 08:46:44.536527,192.168.1.2,10.0.0.3,8924,55,1462,10450,Port Scan
2024-10-01 07:46:44.536529,10.0.0.2,10.0.0.4,6849,276,56078,63316,Malware
2024-10-01 06:46:44.536530,192.168.1.1,192.168.1.4,9751,81,43188,7886,Port Scan
2024-10-01 05:46:44.536532,192.168.1.2,10.0.0.4,2574,110,4205,10036,Malware
2024-10-01 04:46:44.536533,10.0.0.2,10.0.0.3,8428,143,9437,2536,Brute Force
2024-10-01 03:46:44.536535,10.0.0.2,10.0.0.4,3600,127,42659,56675,Brute Force
2024-10-01 02:46:44.536536,10.0.0.1,10.0.0.4,4956,86,41339,49405,Port Scan
2024-10-01 01:46:44.536538,10.0.0.1,192.168.1.4,6182,202,45258,59287,Port Scan
2024-10-01 00:46:44.536539,10.0.0.1,10.0.0.4,9820,97,63068,57354,Malware
2024-09-30 23:46:44.536541,10.0.0.2,192.168.1.4,9152,274,3779,33884,Malware
2024-09-30 22:46:44.536542,10.0.0.2,192.168.1.3,1423,233,30794,4946,Brute Force
2024-09-30 21:46:44.536544,192.168.1.1,192.168.1.4,5968,220,34244,4960,Malware
2024-09-30 20:46:44.536546,10.0.0.1,192.168.1.3,9933,266,3291,23266,Port Scan
2024-09-30 19:46:44.536547,192.168.1.2,192.168.1.4,595,178,20872,45566,Malware
2024-09-30 18:46:44.536549,10.0.0.1,192.168.1.4,5647,100,39877,31718,Port Scan
2024-09-30 17:46:44.536550,10.0.0.2,10.0.0.4,5255,290,5099,22202,DDoS
2024-09-30 16:46:44.536552,192.168.1.2,192.168.1.3,7050,117,59735,60176,Malware
2024-09-30 15:46:44.536553,192.168.1.1,192.168.1.4,5542,273,18748,51690,Brute Force
2024-09-30 14:46:44.536555,10.0.0.2,10.0.0.3,7193,292,32466,12057,Brute Force
2024-09-30 13:46:44.536556,192.168.1.1,10.0.0.4,1158,150,37962,38494,Malware
2024-09-30 12:46:44.536558,10.0.0.1,192.168.1.4,9321,259,9454,18746,Brute Force
2024-09-30 11:46:44.536560,10.0.0.2,192.168.1.4,3478,274,41333,41138,Brute Force
2024-09-30 10:46:44.536561,10.0.0.1,10.0.0.4,126,139,13806,54705,Malware
2024-09-30 09:46:44.536563,10.0.0.2,10.0.0.3,1327,110,59113,37327,Brute Force
2024-09-30 08:46:44.536564,192.168.1.2,10.0.0.3,331,262,33266,25390,DDoS
2024-09-30 07:46:44.536566,192.168.1.1,10.0.0.4,4277,91,38965,28402,Brute Force
2024-09-30 06:46:44.536567,10.0.0.1,10.0.0.3,8151,264,56288,33904,Malware
2024-09-30 05:46:44.536569,192.168.1.2,10.0.0.3,3442,293,44947,1102,Port Scan
2024-09-30 04:46:44.536570,10.0.0.1,10.0.0.3,6895,271,57868,56783,Brute Force
2024-09-30 03:46:44.536572,192.168.1.2,192.168.1.3,9947,94,15755,20945,Malware
2024-09-30 02:46:44.536573,192.168.1.2,10.0.0.4,1402,201,35871,4406,Brute Force
2024-09-30 01:46:44.536575,192.168.1.2,10.0.0.3,9881,132,3701,14472,Malware
2024-09-30 00:46:44.536580,192.168.1.2,10.0.0.4,4315,226,52074,20760,Brute Force
2024-09-29 23:46:44.536581,10.0.0.1,192.168.1.4,3272,153,37403,15975,Brute Force
2024-09-29 22:46:44.536583,192.168.1.2,192.168.1.4,8811,200,49765,56178,Malware
2024-09-29 21:46:44.536585,192.168.1.2,192.168.1.3,6313,197,51564,57431,Malware
2024-09-29 20:46:44.536586,192.168.1.2,10.0.0.3,5807,172,52482,40766,Port Scan
2024-09-29 19:46:44.536588,10.0.0.1,192.168.1.3,7969,284,34329,54289,Malware
2024-09-29 18:46:44.536590,10.0.0.2,192.168.1.3,3539,122,11326,6249,Port Scan
2024-09-29 17:46:44.536591,192.168.1.2,10.0.0.4,1737,80,15931,3420,Brute Force
2024-09-29 16:46:44.536593,10.0.0.2,192.168.1.4,8033,47,63513,43707,Malware
2024-09-29 15:46:44.536594,192.168.1.1,192.168.1.3,8025,117,3627,65152,DDoS
2024-09-29 14:46:44.536596,10.0.0.2,192.168.1.3,6850,38,5323,43463,Malware
2024-09-29 13:46:44.536597,10.0.0.1,192.168.1.3,8494,62,33981,47105,DDoS
2024-09-29 12:46:44.536599,10.0.0.2,10.0.0.3,7788,3,23299,1497,Brute Force
2024-09-29 11:46:44.536601,192.168.1.1,10.0.0.4,281,296,34263,38330,Port Scan
2024-09-29 10:46:44.536602,10.0.0.1,10.0.0.3,9398,224,42601,16965,DDoS
2024-09-29 09:46:44.536604,192.168.1.2,192.168.1.3,1899,66,51754,2690,Port Scan
2024-09-29 08:46:44.536605,10.0.0.2,10.0.0.4,1331,181,10147,51379,Brute Force
2024-09-29 07:46:44.536607,192.168.1.2,192.168.1.3,4461,116,5268,5715,Port Scan
2024-09-29 06:46:44.536608,10.0.0.2,192.168.1.4,1633,132,44900,64864,Malware
2024-09-29 05:46:44.536610,10.0.0.1,10.0.0.3,8537,183,64649,41024,Malware
2024-09-29 04:46:44.536611,10.0.0.1,10.0.0.3,1816,47,44335,43372,Brute Force
2024-09-29 03:46:44.536613,10.0.0.1,192.168.1.4,3312,120,35132,45709,DDoS
2024-09-29 02:46:44.536614,10.0.0.1,10.0.0.4,7881,290,28986,13890,Malware
2024-09-29 01:46:44.536616,192.168.1.1,10.0.0.3,688,161,34900,44409,Brute Force
2024-09-29 00:46:44.536618,10.0.0.1,10.0.0.4,8457,134,63869,16903,DDoS
2024-09-28 23:46:44.536619,192.168.1.1,192.168.1.3,6739,206,42891,22772,DDoS
2024-09-28 22:46:44.536621,192.168.1.2,10.0.0.4,8895,283,48677,46838,DDoS
2024-09-28 21:46:44.536622,10.0.0.2,10.0.0.3,3017,287,34840,7027,DDoS
2024-09-28 20:46:44.536624,10.0.0.2,192.168.1.4,6418,62,53507,50956,Malware
2024-09-28 19:46:44.536625,10.0.0.1,192.168.1.3,8225,261,43807,5261,DDoS
2024-09-28 18:46:44.536627,192.168.1.2,10.0.0.4,2022,272,3584,62669,DDoS
2024-09-28 17:46:44.536629,192.168.1.2,10.0.0.3,3198,248,7964,25637,Malware
2024-09-28 16:46:44.536630,10.0.0.2,192.168.1.3,3608,249,32873,33114,Brute Force
2024-09-28 15:46:44.536632,192.168.1.1,10.0.0.4,6569,41,13378,29765,Malware
2024-09-28 14:46:44.536633,192.168.1.1,192.168.1.3,672,74,6359,44769,DDoS
2024-09-28 13:46:44.536635,192.168.1.2,192.168.1.4,4711,171,35672,64004,DDoS
2024-09-28 12:46:44.536637,192.168.1.2,192.168.1.3,8651,256,49648,39868,Port Scan
2024-09-28 11:46:44.536638,192.168.1.1,192.168.1.4,7774,235,34591,38628,Port Scan
2024-09-28 10:46:44.536640,192.168.1.2,192.168.1.4,4090,123,50465,25881,Brute Force
2024-09-28 09:46:44.536641,10.0.0.1,10.0.0.4,3805,207,26123,58782,Brute Force
2024-09-28 08:46:44.536643,192.168.1.1,10.0.0.3,7823,17,8129,61615,Brute Force
2024-09-28 07:46:44.536644,192.168.1.2,10.0.0.3,8823,105,15441,3840,DDoS
2024-09-28 06:46:44.536646,192.168.1.1,192.168.1.4,1902,110,16520,33249,DDoS
2024-09-28 05:46:44.536647,192.168.1.2,192.168.1.3,8195,15,11213,30083,Brute Force
2024-09-28 04:46:44.536649,192.168.1.2,192.168.1.3,6734,143,13911,43177,Port Scan
2024-09-28 03:46:44.536651,192.168.1.2,192.168.1.4,9170,224,64888,29606,Port Scan
2024-09-28 02:46:44.536652,10.0.0.2,10.0.0.3,9554,105,22823,34357,Malware
2024-09-28 01:46:44.536654,10.0.0.2,192.168.1.4,7717,197,61570,35628,Port Scan
2024-09-28 00:46:44.536655,10.0.0.2,10.0.0.4,5132,67,57785,53724,Port Scan
2024-09-27 23:46:44.536657,10.0.0.1,10.0.0.3,5934,210,64845,20479,Malware
2024-09-27 22:46:44.536658,192.168.1.2,10.0.0.3,6593,261,27023,7853,Brute Force
2024-09-27 21:46:44.536660,192.168.1.1,10.0.0.3,1843,227,4240,37945,Port Scan
2024-09-27 20:46:44.536661,10.0.0.2,10.0.0.3,3875,297,55638,2976,DDoS
2024-09-27 19:46:44.536663,10.0.0.2,192.168.1.3,852,152,32718,5276,Brute Force
2024-09-27 18:46:44.536665,192.168.1.2,10.0.0.4,4173,185,41801,60708,Port Scan
2024-09-27 17:46:44.536666,192.168.1.1,10.0.0.3,8752,31,60562,47754,Malware
2024-09-27 16:46:44.536668,192.168.1.2,192.168.1.4,4654,141,7454,24907,Brute Force
2024-09-27 15:46:44.536669,192.168.1.1,192.168.1.4,7674,135,8497,37693,Port Scan
2024-09-27 14:46:44.536671,10.0.0.2,10.0.0.4,4828,36,45980,2448,Port Scan
2024-09-27 13:46:44.536672,192.168.1.1,10.0.0.3,5120,23,50893,47649,DDoS
2024-09-27 12:46:44.536674,10.0.0.2,10.0.0.4,9183,297,62096,26392,Malware
2024-09-27 11:46:44.536676,10.0.0.1,192.168.1.3,8310,119,17388,7971,DDoS
2024-09-27 10:46:44.536677,10.0.0.1,10.0.0.4,7258,8,3221,51466,Port Scan
2024-09-27 09:46:44.536679,192.168.1.1,10.0.0.3,8463,148,29932,30894,DDoS
2024-09-27 08:46:44.536680,192.168.1.2,192.168.1.4,3170,107,33199,6681,DDoS
2024-09-27 07:46:44.536682,10.0.0.2,192.168.1.4,960,223,4945,30150,Brute Force
2024-09-27 06:46:44.536683,10.0.0.2,192.168.1.3,3640,154,54404,28661,Malware
2024-09-27 05:46:44.536685,10.0.0.1,192.168.1.3,2843,237,41578,18709,Malware
2024-09-27 04:46:44.536686,192.168.1.1,192.168.1.4,3822,244,28529,31307,Brute Force
2024-09-27 03:46:44.536688,10.0.0.1,10.0.0.3,4051,246,11831,9192,Port Scan
2024-09-27 02:46:44.536690,192.168.1.2,10.0.0.4,9796,82,41329,8038,Brute Force
2024-09-27 01:46:44.536691,10.0.0.2,192.168.1.3,6469,206,39230,54502,Port Scan
2024-09-27 00:46:44.536693,10.0.0.1,192.168.1.3,8294,249,45148,33364,Brute Force
2024-09-26 23:46:44.536694,192.168.1.2,10.0.0.4,4811,248,14095,61272,Malware
2024-09-26 22:46:44.536696,10.0.0.2,10.0.0.3,2396,168,17719,34986,Brute Force
2024-09-26 21:46:44.536697,10.0.0.2,192.168.1.3,1235,91,1774,59228,DDoS
2024-09-26 20:46:44.536699,192.168.1.2,10.0.0.4,2968,123,44594,4242,Brute Force
2024-09-26 19:46:44.536701,192.168.1.1,10.0.0.3,1693,63,12103,11429,Port Scan
2024-09-26 18:46:44.536703,10.0.0.2,10.0.0.3,5007,94,57229,27619,Brute Force
2024-09-26 17:46:44.536705,192.168.1.2,10.0.0.3,576,299,28732,28523,Port Scan
2024-09-26 16:46:44.536708,10.0.0.1,192.168.1.3,1276,119,41101,42624,Brute Force
2024-09-26 15:46:44.536709,192.168.1.2,192.168.1.4,2141,296,35650,4514,Brute Force
2024-09-26 14:46:44.536711,10.0.0.1,10.0.0.4,190,118,29178,65035,Brute Force
2024-09-26 13:46:44.536712,10.0.0.2,192.168.1.4,9458,255,52597,50399,Brute Force
2024-09-26 12:46:44.536714,10.0.0.1,10.0.0.3,582,160,65418,60213,Port Scan
2024-09-26 11:46:44.536718,10.0.0.2,10.0.0.4,8009,157,21844,11376,Brute Force
2024-09-26 10:46:44.536719,10.0.0.1,192.168.1.3,9660,253,46476,56498,Brute Force
2024-09-26 09:46:44.536721,10.0.0.2,10.0.0.3,3569,287,30681,44366,Port Scan
2024-09-26 08:46:44.536722,10.0.0.1,10.0.0.4,3119,259,39690,2092,Brute Force
2024-09-26 07:46:44.536724,10.0.0.2,10.0.0.3,9631,285,40415,33786,Malware
2024-09-26 06:46:44.536726,192.168.1.2,192.168.1.4,9713,113,28913,24995,Brute Force
2024-09-26 05:46:44.536727,10.0.0.2,192.168.1.3,3366,96,14793,42670,DDoS
2024-09-26 04:46:44.536729,192.168.1.2,10.0.0.3,1753,49,31321,19568,DDoS
2024-09-26 03:46:44.536730,192.168.1.2,10.0.0.4,5279,169,52578,27829,Brute Force
2024-09-26 02:46:44.536732,10.0.0.2,192.168.1.4,1565,104,62532,64146,Port Scan
2024-09-26 01:46:44.536733,10.0.0.1,10.0.0.4,2001,3,33513,18834,Port Scan
2024-09-26 00:46:44.536735,192.168.1.1,10.0.0.4,561,91,50371,21641,Malware
2024-09-25 23:46:44.536736,192.168.1.1,192.168.1.3,9062,293,47911,57604,DDoS
2024-09-25 22:46:44.536738,10.0.0.2,10.0.0.3,8628,268,19115,51893,Malware
2024-09-25 21:46:44.536739,10.0.0.2,192.168.1.4,2800,99,40194,23737,Brute Force
2024-09-25 20:46:44.536741,192.168.1.1,10.0.0.4,9491,207,38494,3712,DDoS
2024-09-25 19:46:44.536742,192.168.1.2,10.0.0.4,5421,279,55684,46458,Malware
2024-09-25 18:46:44.536744,10.0.0.1,192.168.1.3,4944,191,60507,36041,Malware
2024-09-25 17:46:44.536746,192.168.1.1,192.168.1.4,2012,162,52270,58126,DDoS
2024-09-25 16:46:44.536747,10.0.0.1,10.0.0.4,9516,118,31178,56517,DDoS
2024-09-25 15:46:44.536749,192.168.1.2,10.0.0.3,4575,275,32815,60315,DDoS
2024-09-25 14:46:44.536750,192.168.1.1,10.0.0.4,3169,164,1657,47237,Port Scan
2024-09-25 13:46:44.536752,10.0.0.2,192.168.1.3,4405,142,45960,30829,Malware
2024-09-25 12:46:44.536753,10.0.0.2,10.0.0.4,7979,125,53186,38303,DDoS
2024-09-25 11:46:44.536755,192.168.1.2,10.0.0.4,7082,228,3633,19657,Brute Force
2024-09-25 10:46:44.536756,192.168.1.2,192.168.1.4,3403,196,5206,24297,DDoS
2024-09-25 09:46:44.536758,10.0.0.2,10.0.0.3,1489,252,39517,63496,Brute Force
2024-09-25 08:46:44.536759,192.168.1.1,192.168.1.3,7140,212,9175,31347,DDoS
2024-09-25 07:46:44.536761,10.0.0.2,10.0.0.3,3660,63,45217,57450,DDoS
2024-09-25 06:46:44.536763,192.168.1.1,192.168.1.4,2891,251,60914,41899,DDoS
2024-09-25 05:46:44.536764,10.0.0.2,10.0.0.4,4096,267,36711,50301,Malware
2024-09-25 04:46:44.536766,10.0.0.2,10.0.0.4,2247,95,8323,28099,Port Scan
2024-09-25 03:46:44.536767,10.0.0.2,192.168.1.3,9806,221,19551,36713,Malware
2024-09-25 02:46:44.536769,10.0.0.2,10.0.0.3,6201,297,14864,35266,Port Scan
2024-09-25 01:46:44.536770,10.0.0.2,10.0.0.4,4472,126,22271,55280,Malware
2024-09-25 00:46:44.536772,192.168.1.1,192.168.1.4,6402,56,17988,54507,DDoS
2024-09-24 23:46:44.536773,192.168.1.1,10.0.0.4,2239,24,1500,51014,Malware
2024-09-24 22:46:44.536775,10.0.0.1,10.0.0.4,2124,221,3218,20135,Malware
2024-09-24 21:46:44.536776,192.168.1.1,10.0.0.4,5033,53,9510,18370,Malware
2024-09-24 20:46:44.536778,10.0.0.1,192.168.1.4,2154,213,32452,46221,Malware
2024-09-24 19:46:44.536780,192.168.1.1,10.0.0.4,9303,5,59072,44870,DDoS
2024-09-24 18:46:44.536781,192.168.1.2,10.0.0.3,730,210,19073,40778,Port Scan
2024-09-24 17:46:44.536783,192.168.1.2,192.168.1.3,2319,47,8830,61723,DDoS
2024-09-24 16:46:44.536784,10.0.0.1,10.0.0.3,1110,285,15238,2370,DDoS
2024-09-24 15:46:44.536786,192.168.1.1,192.168.1.4,9241,281,10495,37651,Port Scan
2024-09-24 14:46:44.536787,192.168.1.2,192.168.1.3,2927,244,58854,45394,Brute Force
2024-09-24 13:46:44.536789,10.0.0.2,10.0.0.4,7343,239,20411,25510,Malware
2024-09-24 12:46:44.536791,192.168.1.1,192.168.1.3,1142,224,30822,2402,Malware
2024-09-24 11:46:44.536792,192.168.1.1,192.168.1.4,3729,207,64568,23279,DDoS
2024-09-24 10:46:44.536794,10.0.0.1,192.168.1.4,1499,82,44836,15703,Malware
2024-09-24 09:46:44.536795,192.168.1.1,192.168.1.4,5570,82,12536,61140,Brute Force
2024-09-24 08:46:44.536797,192.168.1.1,192.168.1.3,8353,213,20628,36114,Port Scan
2024-09-24 07:46:44.536798,10.0.0.2,10.0.0.3,4966,134,16266,7571,Malware
2024-09-24 06:46:44.536800,192.168.1.2,10.0.0.3,7195,126,2558,12726,Port Scan
2024-09-24 05:46:44.536801,10.0.0.2,192.168.1.3,7483,89,39157,65307,DDoS
2024-09-24 04:46:44.536803,10.0.0.1,10.0.0.3,1914,27,46249,59645,Malware
2024-09-24 03:46:44.536804,10.0.0.1,10.0.0.4,9004,275,14712,29074,Port Scan
2024-09-24 02:46:44.536806,192.168.1.2,192.168.1.3,8406,248,22856,19700,Malware
2024-09-24 01:46:44.536807,192.168.1.2,192.168.1.4,6094,253,46201,12032,Port Scan
2024-09-24 00:46:44.536809,10.0.0.2,10.0.0.3,3977,130,29106,17526,Port Scan
2024-09-23 23:46:44.536810,192.168.1.2,10.0.0.3,8654,57,46717,48667,DDoS
2024-09-23 22:46:44.536812,10.0.0.1,192.168.1.3,2490,206,3565,33272,Port Scan
2024-09-23 21:46:44.536813,192.168.1.2,10.0.0.4,7388,241,41770,26056,DDoS
2024-09-23 20:46:44.536815,10.0.0.2,192.168.1.3,6633,26,23291,6029,Brute Force
2024-09-23 19:46:44.536817,192.168.1.2,192.168.1.3,2159,1,9524,25549,Malware
2024-09-23 18:46:44.536818,10.0.0.1,10.0.0.3,1195,280,49630,58168,DDoS
2024-09-23 17:46:44.536820,10.0.0.2,192.168.1.4,6752,206,40917,32058,Brute Force
2024-09-23 16:46:44.536821,10.0.0.2,192.168.1.4,2746,216,57081,16906,DDoS
2024-09-23 15:46:44.536823,192.168.1.1,192.168.1.3,1032,143,40605,48973,DDoS
2024-09-23 14:46:44.536824,192.168.1.1,10.0.0.4,1556,205,28892,57421,Brute Force
2024-09-23 13:46:44.536826,10.0.0.2,10.0.0.4,5715,262,43784,7067,DDoS
2024-09-23 12:46:44.536827,192.168.1.1,192.168.1.3,881,21,2437,62385,Port Scan
2024-09-23 11:46:44.536829,192.168.1.2,10.0.0.4,9650,45,4081,15912,Brute Force
2024-09-23 10:46:44.536831,10.0.0.2,192.168.1.4,9054,69,30327,51256,Brute Force
2024-09-23 09:46:44.536832,10.0.0.1,10.0.0.3,7957,80,8667,16574,Port Scan
2024-09-23 08:46:44.536834,10.0.0.1,10.0.0.3,831,278,4171,57312,Brute Force
2024-09-23 07:46:44.536835,192.168.1.1,192.168.1.4,967,221,23189,24203,DDoS
2024-09-23 06:46:44.536837,192.168.1.1,10.0.0.3,5110,227,40129,30059,Brute Force
2024-09-23 05:46:44.536838,10.0.0.1,192.168.1.4,7004,40,59639,34153,Malware
2024-09-23 04:46:44.536840,10.0.0.2,10.0.0.4,7816,41,47008,8747,DDoS
2024-09-23 03:46:44.536841,192.168.1.1,10.0.0.4,9940,62,42532,17207,DDoS
2024-09-23 02:46:44.536843,10.0.0.1,192.168.1.4,2459,54,2525,10399,DDoS
2024-09-23 01:46:44.536844,192.168.1.2,10.0.0.4,6124,298,65511,37023,Malware
2024-09-23 00:46:44.536846,10.0.0.1,192.168.1.4,8051,138,7940,10091,Brute Force
2024-09-22 23:46:44.536847,192.168.1.1,10.0.0.3,611,246,53648,35768,Port Scan
2024-09-22 22:46:44.536849,192.168.1.1,192.168.1.4,8718,72,34979,46658,Malware
2024-09-22 21:46:44.536854,192.168.1.2,192.168.1.4,3075,15,38152,14972,Brute Force
2024-09-22 20:46:44.536855,10.0.0.2,10.0.0.4,7212,201,4229,15876,DDoS
2024-09-22 19:46:44.536857,10.0.0.2,10.0.0.4,1879,170,2797,40709,Brute Force
2024-09-22 18:46:44.536858,192.168.1.1,192.168.1.4,8613,108,27900,42900,DDoS
2024-09-22 17:46:44.536860,10.0.0.1,10.0.0.3,8540,262,2779,31899,Malware
2024-09-22 16:46:44.536861,10.0.0.1,10.0.0.3,3417,211,3815,55320,Port Scan
2024-09-22 15:46:44.536863,192.168.1.1,10.0.0.4,5030,199,47559,39987,Malware
2024-09-22 14:46:44.536864,10.0.0.1,192.168.1.3,707,159,12608,28387,Port Scan
2024-09-22 13:46:44.536866,10.0.0.2,10.0.0.4,6908,20,31848,17449,Port Scan
2024-09-22 12:46:44.536868,192.168.1.2,10.0.0.4,3092,175,34344,9650,DDoS
2024-09-22 11:46:44.536869,10.0.0.2,10.0.0.4,7079,289,51175,26742,Port Scan
2024-09-22 10:46:44.536871,10.0.0.1,192.168.1.4,2359,188,1210,55934,Malware
2024-09-22 09:46:44.536872,10.0.0.1,192.168.1.4,7516,31,21561,12441,DDoS
2024-09-22 08:46:44.536874,10.0.0.2,10.0.0.3,2836,272,45871,4358,Port Scan
2024-09-22 07:46:44.536875,192.168.1.2,192.168.1.3,4402,291,16362,12378,Brute Force
2024-09-22 06:46:44.536877,192.168.1.1,192.168.1.4,3198,282,17168,18585,Port Scan
2024-09-22 05:46:44.536878,10.0.0.2,10.0.0.4,7576,71,43716,6798,DDoS
2024-09-22 04:46:44.536880,192.168.1.2,10.0.0.3,5891,59,59256,34437,Malware
2024-09-22 03:46:44.536881,10.0.0.1,192.168.1.4,2168,94,21420,56209,Port Scan
2024-09-22 02:46:44.536883,10.0.0.1,192.168.1.3,2602,198,65090,18834,Brute Force
2024-09-22 01:46:44.536884,10.0.0.1,10.0.0.4,2020,268,18116,24370,DDoS
2024-09-22 00:46:44.536886,192.168.1.2,10.0.0.4,6236,260,3360,24779,Malware
2024-09-21 23:46:44.536888,10.0.0.2,192.168.1.3,1677,93,34080,21388,DDoS
2024-09-21 22:46:44.536889,10.0.0.2,192.168.1.4,3517,67,7512,42705,Brute Force
2024-09-21 21:46:44.536891,192.168.1.1,10.0.0.4,5557,284,2829,20717,Port Scan
2024-09-21 20:46:44.536892,192.168.1.2,10.0.0.3,6121,45,18113,49952,Brute Force
2024-09-21 19:46:44.536894,192.168.1.1,10.0.0.3,9721,212,6159,33249,DDoS
2024-09-21 18:46:44.536895,192.168.1.1,192.168.1.4,5909,189,56610,16613,Malware
2024-09-21 17:46:44.536897,192.168.1.2,192.168.1.3,8749,117,38080,10019,DDoS
2024-09-21 16:46:44.536898,192.168.1.2,192.168.1.4,7901,255,50151,11984,Port Scan
2024-09-21 15:46:44.536900,10.0.0.2,10.0.0.4,9192,277,17488,41127,DDoS
2024-09-21 14:46:44.536902,192.168.1.2,10.0.0.4,7835,119,49214,36788,Port Scan
2024-09-21 13:46:44.536903,192.168.1.1,10.0.0.4,1334,77,22676,36165,Brute Force
2024-09-21 12:46:44.536905,192.168.1.1,192.168.1.4,9892,153,22345,55653,DDoS
2024-09-21 11:46:44.536906,10.0.0.2,10.0.0.3,154,131,44052,23824,Malware
2024-09-21 10:46:44.536908,192.168.1.1,10.0.0.4,118,82,4198,30698,DDoS
2024-09-21 09:46:44.536909,192.168.1.2,192.168.1.3,1511,190,40976,20699,Malware
2024-09-21 08:46:44.536911,192.168.1.2,10.0.0.4,9417,163,45378,10322,DDoS
2024-09-21 07:46:44.536913,10.0.0.2,10.0.0.3,7150,85,17526,34503,Port Scan
2024-09-21 06:46:44.536916,192.168.1.1,10.0.0.4,8233,211,65398,19213,Port Scan
2024-09-21 05:46:44.536918,192.168.1.1,192.168.1.3,6332,19,5997,57046,DDoS
2024-09-21 04:46:44.536921,192.168.1.2,192.168.1.3,3753,179,23951,45665,DDoS
2024-09-21 03:46:44.536925,192.168.1.1,10.0.0.4,5604,248,10371,9780,Port Scan
2024-09-21 02:46:44.536928,10.0.0.2,10.0.0.4,9795,105,8189,22890,Port Scan
2024-09-21 01:46:44.536930,192.168.1.1,192.168.1.3,356,9,46963,48515,Port Scan
2024-09-21 00:46:44.536933,10.0.0.1,192.168.1.4,2887,208,58923,11690,Port Scan
2024-09-20 23:46:44.536935,192.168.1.1,192.168.1.4,8065,232,37142,43775,Malware
2024-09-20 22:46:44.536937,10.0.0.1,192.168.1.3,7582,208,15641,55532,Brute Force
2024-09-20 21:46:44.536940,10.0.0.1,192.168.1.3,1990,59,61289,27296,Malware
2024-09-20 20:46:44.536942,192.168.1.2,10.0.0.4,7058,48,12012,55738,DDoS
2024-09-20 19:46:44.536945,10.0.0.1,192.168.1.3,7158,144,30332,46843,Malware
2024-09-20 18:46:44.536947,10.0.0.2,10.0.0.3,7544,206,6911,35431,Port Scan
2024-09-20 17:46:44.536949,10.0.0.1,192.168.1.3,8724,225,27608,23167,Malware
2024-09-20 16:46:44.536952,192.168.1.1,10.0.0.3,5804,19,26687,52758,Malware
2024-09-20 15:46:44.536955,192.168.1.2,192.168.1.4,2171,282,9982,52262,Brute Force
2024-09-20 14:46:44.536957,192.168.1.2,10.0.0.4,8096,191,63399,31679,DDoS
2024-09-20 13:46:44.536960,192.168.1.2,10.0.0.3,4190,234,46039,61307,DDoS
2024-09-20 12:46:44.536962,10.0.0.2,192.168.1.3,6114,167,51920,58381,Brute Force
2024-09-20 11:46:44.536965,192.168.1.1,10.0.0.3,7849,240,26943,46101,Port Scan
2024-09-20 10:46:44.536967,192.168.1.2,192.168.1.3,6318,9,11315,51171,DDoS
2024-09-20 09:46:44.536970,192.168.1.2,192.168.1.4,9011,230,37652,3555,Port Scan
2024-09-20 08:46:44.536972,10.0.0.2,10.0.0.3,5164,145,25673,57855,Brute Force
2024-09-20 07:46:44.536975,10.0.0.2,10.0.0.3,9216,203,22614,37649,Brute Force
2024-09-20 06:46:44.536977,10.0.0.1,10.0.0.4,8466,64,17201,4860,Malware
2024-09-20 05:46:44.536980,192.168.1.2,10.0.0.4,8855,72,58427,43413,Port Scan
2024-09-20 04:46:44.536982,10.0.0.1,10.0.0.3,8060,187,20675,3762,Port Scan
2024-09-20 03:46:44.536985,192.168.1.2,192.168.1.3,5853,58,19367,2604,Brute Force
2024-09-20 02:46:44.536988,192.168.1.1,10.0.0.4,8029,162,35539,53155,Malware
2024-09-20 01:46:44.536992,10.0.0.2,10.0.0.4,624,106,25458,55503,Brute Force
2024-09-20 00:46:44.536995,10.0.0.2,192.168.1.3,2049,70,49165,34471,Port Scan
2024-09-19 23:46:44.536997,192.168.1.2,192.168.1.4,7350,214,37743,47728,Brute Force
2024-09-19 22:46:44.537000,10.0.0.1,10.0.0.4,9270,40,20018,2741,Port Scan
2024-09-19 21:46:44.537002,192.168.1.1,10.0.0.3,3033,160,34753,50838,Port Scan
2024-09-19 20:46:44.537005,192.168.1.1,192.168.1.3,6928,78,20328,61731,Malware
2024-09-19 19:46:44.537008,192.168.1.1,192.168.1.3,7883,206,20132,4339,Malware
2024-09-19 18:46:44.537011,10.0.0.2,192.168.1.4,7894,29,47323,25132,Brute Force
2024-09-19 17:46:44.537013,10.0.0.1,10.0.0.4,4538,166,52647,24225,Brute Force
2024-09-19 16:46:44.537016,192.168.1.1,10.0.0.3,6910,203,6755,33596,Port Scan
2024-09-19 15:46:44.537018,192.168.1.2,10.0.0.4,1007,29,14303,46278,Malware
2024-09-19 14:46:44.537021,192.168.1.2,10.0.0.4,3784,27,12594,60476,Port Scan
2024-09-19 13:46:44.537023,10.0.0.2,192.168.1.3,877,110,6780,38151,Malware
2024-09-19 12:46:44.537026,192.168.1.2,10.0.0.3,9407,174,40812,45422,Port Scan
2024-09-19 11:46:44.537028,192.168.1.1,192.168.1.3,3345,118,16885,26353,Brute Force
2024-09-19 10:46:44.537031,10.0.0.1,10.0.0.3,877,72,16926,23782,Brute Force
2024-09-19 09:46:44.537040,192.168.1.2,10.0.0.3,4036,69,48415,36228,Port Scan
2024-09-19 08:46:44.537042,10.0.0.1,192.168.1.3,2037,110,51988,24514,Malware
2024-09-19 07:46:44.537045,10.0.0.2,10.0.0.3,4547,267,46663,51303,Malware
2024-09-19 06:46:44.537047,192.168.1.2,192.168.1.4,922,85,47937,41931,Port Scan
2024-09-19 05:46:44.537050,10.0.0.1,10.0.0.3,1056,282,14333,23801,Malware
2024-09-19 04:46:44.537055,10.0.0.1,10.0.0.3,9806,295,16607,27882,Brute Force
2024-09-19 03:46:44.537057,192.168.1.1,10.0.0.4,2803,74,9942,54907,Port Scan
2024-09-19 02:46:44.537059,192.168.1.2,10.0.0.3,7047,237,12867,46068,Malware
2024-09-19 01:46:44.537062,10.0.0.1,10.0.0.4,5385,207,32745,48563,DDoS
2024-09-19 00:46:44.537064,192.168.1.2,10.0.0.4,9266,274,62839,61430,Malware
2024-09-18 23:46:44.537066,10.0.0.2,192.168.1.4,3935,57,40612,5857,Port Scan
